lon,short_name,name,eightd_station_services,capacity,eightd_has_key_dispenser,has_kiosk,station_type,lat,electric_bike_surcharge_waiver,legacyID,stationID,externalID,dockless_bikes_parking_zone_capacity,address,rack_model,region_code,client_station_id
-87.5764501141,KA1503000018,Jeffery Blvd & 71st St,[],11,false,true,classic,41.76663823695,false,11,11,a3a3983e-a135-11e9-9cda-0a87ae2ba916,undefined,undefined,undefined,undefined,undefined
-87.626488,TA1305000001,Wabash Ave & Cermak Rd,[],11,false,true,classic,41.852619,false,42,42,a3a43a25-a135-11e9-9cda-0a87ae2ba916,undefined,undefined,undefined,undefined,undefined
-87.586647,KA1503000021,Stony Island Ave & 64th St,[],11,false,true,classic,41.778881,false,95,95,a3a528d0-a135-11e9-9cda-0a87ae2ba916,undefined,undefined,undefined,undefined,undefined
-87.5853397391,KA1503000023,Stony Island Ave & 67th St,[],11,false,true,classic,41.77345849948,false,102,102,a3a54cdb-a135-11e9-9cda-0a87ae2ba916,undefined,undefined,undefined,undefined,undefined
-87.6466029882431,13162,Halsted St & 21st St,[],11,false,true,classic,41.85377981072743,false,135,135,a3a5f5e6-a135-11e9-9cda-0a87ae2ba916,undefined,undefined,undefined,undefined,undefined
-87.61793,13217,Calumet Ave & 33rd St,[],11,false,true,classic,41.8349,false,149,149,a3a639f5-a135-11e9-9cda-0a87ae2ba916,undefined,undefined,undefined,undefined,undefined
-87.685854,13245,Claremont Ave & Hirsch St,[],11,false,true,classic,41.907781,false,159,159,a3a6de38-a135-11e9-9cda-0a87ae2ba916,undefined,undefined,undefined,undefined,undefined
-87.67564,TA1307000066,Damen Ave & Coulter St,[],7,false,true,classic,41.8492,false,167,167,a3a706c0-a135-11e9-9cda-0a87ae2ba916,undefined,undefined,undefined,undefined,undefined
-87.654127,13331,May St & Cullerton St,[],11,false,true,classic,41.855136,false,171,171,a3a71b0a-a135-11e9-9cda-0a87ae2ba916,undefined,undefined,undefined,undefined,undefined
-87.627690528,KA1504000133,Rush St & Cedar St,[],11,false,true,classic,41.90230870122,false,172,172,a3a72012-a135-11e9-9cda-0a87ae2ba916,undefined,undefined,undefined,undefined,undefined
-87.691392,13266,Stave St & Armitage Ave,[],11,false,true,classic,41.917741,false,185,185,a3a762a1-a135-11e9-9cda-0a87ae2ba916,undefined,undefined,undefined,undefined,undefined
-87.626938,13213,State St & 29th St,[],11,false,true,classic,41.841707,false,193,193,a3a781a6-a135-11e9-9cda-0a87ae2ba916,undefined,undefined,undefined,undefined,undefined
-87.616279,TA1308000007,MLK Jr Dr & 47th St,[],11,false,true,classic,41.809851,false,200,200,a3a7a4fc-a135-11e9-9cda-0a87ae2ba916,undefined,undefined,undefined,undefined,undefined
-87.6216,13083,Indiana Ave & 40th St,[],11,false,true,classic,41.82168,false,201,201,a3a7aa0e-a135-11e9-9cda-0a87ae2ba916,undefined,undefined,undefined,undefined,undefined
-87.618691,TA1307000160,Prairie Ave & Garfield Blvd,[],11,false,true,classic,41.794853,false,204,204,a3a7b936-a135-11e9-9cda-0a87ae2ba916,undefined,undefined,undefined,undefined,undefined
-87.640591,TA1308000014,Normal Ave & Archer Ave,[],11,false,true,classic,41.849527,false,209,209,a3a7d279-a135-11e9-9cda-0a87ae2ba916,undefined,undefined,undefined,undefined,undefined
-87.633879,SL-006,Wells St & 19th St,[],11,false,true,classic,41.856802,false,218,218,a3a80009-a135-11e9-9cda-0a87ae2ba916,undefined,undefined,undefined,undefined,undefined
-87.668835,13249,Ashland Ave & Belle Plaine Ave,[],11,false,true,classic,41.956057,false,246,246,a3a88a6d-a135-11e9-9cda-0a87ae2ba916,undefined,undefined,undefined,undefined,undefined
-87.64572,TA1307000161,Halsted St & 37th St,[],11,false,true,classic,41.827059,false,262,262,a3a96aca-a135-11e9-9cda-0a87ae2ba916,undefined,undefined,undefined,undefined,undefined
-87.613533,13215,Rhodes Ave & 32nd St,[],11,false,true,classic,41.836208,false,263,263,a3a96fd5-a135-11e9-9cda-0a87ae2ba916,undefined,undefined,undefined,undefined,undefined
-87.586882871,KA1503000019,Stony Island Ave & 75th St,[],11,false,true,classic,41.7586696704,false,270,270,a3a98e37-a135-11e9-9cda-0a87ae2ba916,undefined,undefined,undefined,undefined,undefined
-87.606582,TA1308000023,Cottage Grove Ave & 43rd St,[],11,false,true,classic,41.816499,false,271,271,a3a99346-a135-11e9-9cda-0a87ae2ba916,undefined,undefined,undefined,undefined,undefined
-87.621857,TA1308000036,Indiana Ave & 31st St,[],11,false,true,classic,41.838842,false,272,272,a3a9984a-a135-11e9-9cda-0a87ae2ba916,undefined,undefined,undefined,undefined,undefined
-87.6972,13258,California Ave & North Ave,[],11,false,true,classic,41.91044,false,276,276,a3a9acc5-a135-11e9-9cda-0a87ae2ba916,undefined,undefined,undefined,undefined,undefined
-87.65114,TA1308000046,Morgan St & 31st St,[],11,false,true,classic,41.8378,false,280,280,a3a9c0f6-a135-11e9-9cda-0a87ae2ba916,undefined,undefined,undefined,undefined,undefined
-87.685109,TA1309000003,Western Ave & 24th St,[],7,false,true,classic,41.84847,false,281,281,a3a9c5f7-a135-11e9-9cda-0a87ae2ba916,undefined,undefined,undefined,undefined,undefined
-87.664199,TA1308000047,Southport Ave & Clark St,[],11,false,true,classic,41.957081,false,292,292,a3aa017e-a135-11e9-9cda-0a87ae2ba916,undefined,undefined,undefined,undefined,undefined
-87.679618,13144,Seeley Ave & Roscoe St,[],11,false,true,classic,41.943403,false,308,308,a3aa54a0-a135-11e9-9cda-0a87ae2ba916,undefined,undefined,undefined,undefined,undefined
-87.682437,TA1309000029,Leavitt St & Armitage Ave,[],11,false,true,classic,41.917805,false,309,309,a3aa59bb-a135-11e9-9cda-0a87ae2ba916,undefined,undefined,undefined,undefined,undefined
-87.677855,13288,Damen Ave & Charleston St,[],11,false,true,classic,41.920082,false,310,310,a3aa5ed1-a135-11e9-9cda-0a87ae2ba916,undefined,undefined,undefined,undefined,undefined
-87.645143,TA1309000055,Emerald Ave & 31st St,[],11,false,true,classic,41.838198,false,339,339,a3aaf7bc-a135-11e9-9cda-0a87ae2ba916,undefined,undefined,undefined,undefined,undefined
-87.5771428255,KA1503000030,Jeffery Blvd & 67th St,[],11,false,true,classic,41.77351755125,false,352,352,a3ac35ed-a135-11e9-9cda-0a87ae2ba916,undefined,undefined,undefined,undefined,undefined
-87.5864608775,KA1503000045,Stony Island Ave & 71st St,[],11,false,true,classic,41.7664929373,false,356,356,a3ac4a7c-a135-11e9-9cda-0a87ae2ba916,undefined,undefined,undefined,undefined,undefined
-87.6574349533,KA1503000040,Loomis St & Archer Ave,[],11,false,true,classic,41.84163253965,false,366,366,a3ac7978-a135-11e9-9cda-0a87ae2ba916,undefined,undefined,undefined,undefined,undefined
-87.6702983089,KA1503000066,Wood St & 35th St,[],11,false,true,classic,41.83010465416,false,369,369,a3ac88db-a135-11e9-9cda-0a87ae2ba916,undefined,undefined,undefined,undefined,undefined
-87.7061278837,KA1504000114,Kedzie Ave & Chicago Ave,[],11,false,true,classic,41.89546530305,false,373,373,a3ac9834-a135-11e9-9cda-0a87ae2ba916,undefined,undefined,undefined,undefined,undefined
-87.70260751247406,KA1504000113,Sacramento Blvd & Franklin Blvd,[],11,false,true,classic,41.89046879243862,false,375,375,a3aca268-a135-11e9-9cda-0a87ae2ba916,undefined,undefined,undefined,undefined,undefined
-87.6962981368,15666,California Ave & Lake St,[],11,false,true,classic,41.88445395657,false,378,378,a3acb1de-a135-11e9-9cda-0a87ae2ba916,undefined,undefined,undefined,undefined,undefined
-87.645213904,KA1503000010,Halsted St & 51st St,[],11,false,true,classic,41.80183164049,false,384,384,a3acc649-a135-11e9-9cda-0a87ae2ba916,undefined,undefined,undefined,undefined,undefined
-87.633124,KA1503000013,Princeton Ave & Garfield Blvd,[],11,false,true,classic,41.794982,false,385,385,a3accb60-a135-11e9-9cda-0a87ae2ba916,undefined,undefined,undefined,undefined,undefined
-87.6449900565,KA1503000011,Halsted St & 56th St,[],11,false,true,classic,41.79292964599,false,386,386,a3acd078-a135-11e9-9cda-0a87ae2ba916,undefined,undefined,undefined,undefined,undefined
-87.6446208145,KA1503000055,Halsted & 63rd - Kennedy-King Vaccination Site,[],11,false,true,classic,41.77938114228,false,388,388,a3acd5b1-a135-11e9-9cda-0a87ae2ba916,undefined,undefined,undefined,undefined,undefined
-87.6297463052,KA1503000025,Wentworth Ave & 63rd St,[],11,false,true,classic,41.78007963264,false,390,390,a3acdae2-a135-11e9-9cda-0a87ae2ba916,undefined,undefined,undefined,undefined,undefined
-87.6446135779,15597,Halsted St & 69th St,[],11,false,true,classic,41.76906172032,false,391,391,a3acdff9-a135-11e9-9cda-0a87ae2ba916,undefined,undefined,undefined,undefined,undefined
-87.6281959291,KA1503000047,Perry Ave & 69th St,[],11,false,true,classic,41.76929308995,false,392,392,a3ace51b-a135-11e9-9cda-0a87ae2ba916,undefined,undefined,undefined,undefined,undefined
-87.616917925,15599,Calumet Ave & 71st St,[],11,false,true,classic,41.76550800581,false,393,393,a3acea44-a135-11e9-9cda-0a87ae2ba916,undefined,undefined,undefined,undefined,undefined
-87.5758393587,KA1503000028,Jeffery Blvd & 76th St,[],11,false,true,classic,41.75712006802,false,395,395,a3acf4eb-a135-11e9-9cda-0a87ae2ba916,undefined,undefined,undefined,undefined,undefined
-87.56644,KA1503000024,Yates Blvd & 75th St,[],11,false,true,classic,41.758768,false,396,396,a3acfa38-a135-11e9-9cda-0a87ae2ba916,undefined,undefined,undefined,undefined,undefined
-87.55927465,KA1503000020,South Shore Dr & 74th St,[],11,false,true,classic,41.76218896038,false,399,399,a3ad09b2-a135-11e9-9cda-0a87ae2ba916,undefined,undefined,undefined,undefined,undefined
-87.604959713,KA1503000003,Cottage Grove Ave & 71st St,[],11,false,true,classic,41.76571903697,false,400,400,a3ad0ecb-a135-11e9-9cda-0a87ae2ba916,undefined,undefined,undefined,undefined,undefined
-87.635491,15443,Shields Ave & 28th Pl,[],11,false,true,classic,41.842733,false,401,401,a3ad13e4-a135-11e9-9cda-0a87ae2ba916,undefined,undefined,undefined,undefined,undefined
-87.6265680185,15449,State St & Pershing Rd,[],11,false,true,classic,41.82301523798,false,407,407,a3ad2d57-a135-11e9-9cda-0a87ae2ba916,undefined,undefined,undefined,undefined,undefined
-87.643278,KA1503000032,Union Ave & Root St,[],11,false,true,classic,41.819102,false,408,408,a3ad327e-a135-11e9-9cda-0a87ae2ba916,undefined,undefined,undefined,undefined,undefined
-87.6348193497,KA1503000001,Shields Ave & 43rd St,[],11,false,true,classic,41.81620767856,false,409,409,a3ad37c2-a135-11e9-9cda-0a87ae2ba916,undefined,undefined,undefined,undefined,undefined
-87.6456165545,KA1503000051,Halsted St & 47th Pl,[],11,false,true,classic,41.80813391481,false,411,411,a3ad42c3-a135-11e9-9cda-0a87ae2ba916,undefined,undefined,undefined,undefined,undefined
-87.633449288,KA1503000009,Princeton Ave & 47th St,[],11,false,true,classic,41.80931770924,false,412,412,a3ad47f8-a135-11e9-9cda-0a87ae2ba916,undefined,undefined,undefined,undefined,undefined
-87.6180535802,15470,Calumet Ave & 51st St,[],11,false,true,classic,41.80229465088,false,415,415,a3ad5764-a135-11e9-9cda-0a87ae2ba916,undefined,undefined,undefined,undefined,undefined
-87.6009581145,KA1503000052,Ellis Ave & 53rd St,[],11,false,true,classic,41.79933626261,false,418,418,a3ad66e6-a135-11e9-9cda-0a87ae2ba916,undefined,undefined,undefined,undefined,undefined
-87.6158532619,KA1503000073,MLK Jr Dr & 56th St,[],11,false,true,classic,41.79342945658,false,421,421,a3ad7636-a135-11e9-9cda-0a87ae2ba916,undefined,undefined,undefined,undefined,undefined
-87.6078521774,KA1503000075,DuSable Museum,[],11,false,true,classic,41.79156801058,false,422,422,a3ad7b51-a135-11e9-9cda-0a87ae2ba916,undefined,undefined,undefined,undefined,undefined
-87.5914159893,KA1503000046,Dorchester Ave & 63rd St,[],11,false,true,classic,41.7804056457,false,428,428,a3ad9ad9-a135-11e9-9cda-0a87ae2ba916,undefined,undefined,undefined,undefined,undefined
-87.60563486,KA1503000031,Cottage Grove Ave & 67th St,[],11,false,true,classic,41.77372095205,false,429,429,a3ada002-a135-11e9-9cda-0a87ae2ba916,undefined,undefined,undefined,undefined,undefined
-87.6159428567,KA1503000053,MLK Jr Dr & 63rd St,[],11,false,true,classic,41.78008063659,false,430,430,a3ada52f-a135-11e9-9cda-0a87ae2ba916,undefined,undefined,undefined,undefined,undefined
-87.6133078304,KA1503000033,Eberhart Ave & 61st St,[],11,false,true,classic,41.78414169317,false,431,431,a3adaa52-a135-11e9-9cda-0a87ae2ba916,undefined,undefined,undefined,undefined,undefined
-87.7048707493,KA1504000082,Kedzie Ave & Harrison St,[],11,false,true,classic,41.87359967462,false,433,433,a3adb48a-a135-11e9-9cda-0a87ae2ba916,undefined,undefined,undefined,undefined,undefined
-87.7064961757,15682,Kedzie Ave & Roosevelt Rd,[],11,false,true,classic,41.86649278172,false,435,435,a3adbedf-a135-11e9-9cda-0a87ae2ba916,undefined,undefined,undefined,undefined,undefined
-87.694521,KA1504000102,Fairfield Ave & Roosevelt Rd,[],11,false,true,classic,41.866624,false,436,436,a3adc3f6-a135-11e9-9cda-0a87ae2ba916,undefined,undefined,undefined,undefined,undefined
-87.7050730318,15686,Kedzie Ave & 21st St,[],11,false,true,classic,41.85353363213,false,439,439,a3add365-a135-11e9-9cda-0a87ae2ba916,undefined,undefined,undefined,undefined,undefined
-87.715068,15687,Central Park Ave & 24th St,[],11,false,true,classic,41.8481,false,440,440,a3add889-a135-11e9-9cda-0a87ae2ba916,undefined,undefined,undefined,undefined,undefined
-87.7054137458,KA1504000086,Kedzie Ave & 24th St,[],11,false,true,classic,41.84819094491,false,441,441,a3addda0-a135-11e9-9cda-0a87ae2ba916,undefined,undefined,undefined,undefined,undefined
-87.6951398068,15689,California Ave & 23rd Pl,[],11,false,true,classic,41.84910969176,false,442,442,a3ade2c3-a135-11e9-9cda-0a87ae2ba916,undefined,undefined,undefined,undefined,undefined
-87.71592199802399,KA1504000110,Millard Ave & 26th St,[],7,false,true,classic,41.84453112462163,false,443,443,a3ade7de-a135-11e9-9cda-0a87ae2ba916,undefined,undefined,undefined,undefined,undefined
-87.7020130128,15691,Albany Ave & 26th St,[],11,false,true,classic,41.84447501366,false,444,444,a3aded13-a135-11e9-9cda-0a87ae2ba916,undefined,undefined,undefined,undefined,undefined
-87.6952959227,15692,California Ave & 26th St,[],11,false,true,classic,41.84404003127,false,445,445,a3ae687f-a135-11e9-9cda-0a87ae2ba916,undefined,undefined,undefined,undefined,undefined
-87.6851314409,KA1504000168,Western & 28th - Velasquez Institute Vaccination Site,[],11,false,true,classic,41.84151770807,false,446,446,a3ae6e48-a135-11e9-9cda-0a87ae2ba916,undefined,undefined,undefined,undefined,undefined
-87.6806661451,RP-002,Warren Park East,[],11,false,true,classic,42.00454962194,false,448,448,a3ae78ab-a135-11e9-9cda-0a87ae2ba916,undefined,undefined,undefined,undefined,undefined
-87.688829,RP-001,Warren Park West,[],11,false,true,classic,42.001785,false,450,450,a3ae82e0-a135-11e9-9cda-0a87ae2ba916,undefined,undefined,undefined,undefined,undefined
-87.689438282,KA1504000129,Western Ave & Granville Ave,[],11,false,true,classic,41.99416136902,false,452,452,a3ae8d13-a135-11e9-9cda-0a87ae2ba916,undefined,undefined,undefined,undefined,undefined
-87.6933696402,KA1504000130,Maplewood Ave & Peterson Ave,[],11,false,true,classic,41.99023602867,false,455,455,a3af1cec-a135-11e9-9cda-0a87ae2ba916,undefined,undefined,undefined,undefined,undefined
-87.683593,KA1504000155,2112 W Peterson Ave,[],11,false,true,classic,41.991178,false,456,456,a3af2216-a135-11e9-9cda-0a87ae2ba916,undefined,undefined,undefined,undefined,undefined
-87.6829126443,RP-006,Ridge Blvd & Touhy Ave,[],11,false,true,classic,42.01213227742,false,466,466,a3af5804-a135-11e9-9cda-0a87ae2ba916,undefined,undefined,undefined,undefined,undefined
-87.6964225611,15585,Budlong Woods Library,[],11,false,true,classic,41.98366470886,false,468,468,a3af624c-a135-11e9-9cda-0a87ae2ba916,undefined,undefined,undefined,undefined,undefined
-87.709261,KA1504000128,Kedzie Ave & Foster Ave,[],11,false,true,classic,41.975672,false,470,470,a3af71a9-a135-11e9-9cda-0a87ae2ba916,undefined,undefined,undefined,undefined,undefined
-87.700825,KA1504000127,Manor Ave & Leland Ave,[],11,false,true,classic,41.965875,false,477,477,a3af9064-a135-11e9-9cda-0a87ae2ba916,undefined,undefined,undefined,undefined,undefined
-87.705866,15621,Albany Ave & Montrose Ave,[],11,false,true,classic,41.961041,false,480,480,a3af9f99-a135-11e9-9cda-0a87ae2ba916,undefined,undefined,undefined,undefined,undefined
-87.731023,KA1504000141,Pulaski Rd & Eddy St (Temp),[],11,false,true,classic,41.946264,false,488,488,a3afc858-a135-11e9-9cda-0a87ae2ba916,undefined,undefined,undefined,undefined,undefined
-87.687288,15634,Western Ave & Roscoe St,[],11,false,true,classic,41.943034,false,493,493,a3afe1dc-a135-11e9-9cda-0a87ae2ba916,undefined,undefined,undefined,undefined,undefined
-87.7289701012,KA1504000164,Keystone Ave & Montrose Ave,[],11,false,true,classic,41.96110801623,false,495,495,a3afebff-a135-11e9-9cda-0a87ae2ba916,undefined,undefined,undefined,undefined,undefined
-87.723574,15640,Avers Ave & Belmont Ave,[],11,false,true,classic,41.939408,false,496,496,a3aff10c-a135-11e9-9cda-0a87ae2ba916,undefined,undefined,undefined,undefined,undefined
-87.709219571,15654,Spaulding Ave & Division St,[],11,false,true,classic,41.90270659438,false,510,510,a3b0b801-a135-11e9-9cda-0a87ae2ba916,undefined,undefined,undefined,undefined,undefined
-87.68452,514,Ridge Blvd & Howard St,[],11,false,true,classic,42.019276,false,514,514,a3b0ccad-a135-11e9-9cda-0a87ae2ba916,undefined,undefined,undefined,undefined,undefined
-87.675005,517,Clark St & Jarvis Ave,[],11,false,true,classic,42.015963,false,517,517,a3b0d6ec-a135-11e9-9cda-0a87ae2ba916,undefined,undefined,undefined,undefined,undefined
-87.716866,518,Conservatory Dr & Lake St,[],11,false,true,classic,41.885502,false,518,518,a3b0dc1f-a135-11e9-9cda-0a87ae2ba916,undefined,undefined,undefined,undefined,undefined
-87.677725,519,Wolcott Ave & Fargo Ave,[],11,false,true,classic,42.016977,false,519,519,a3b0e141-a135-11e9-9cda-0a87ae2ba916,undefined,undefined,undefined,undefined,undefined
-87.669563,16806,Bosworth Ave & Howard St,[],11,false,true,classic,42.019537,false,522,522,a3b0eb93-a135-11e9-9cda-0a87ae2ba916,undefined,undefined,undefined,undefined,undefined
-87.774704,16921,Austin Blvd & Chicago Ave,[],7,false,true,classic,41.894887,false,524,524,a3b0f5c9-a135-11e9-9cda-0a87ae2ba916,undefined,undefined,undefined,undefined,undefined
-87.688243,RP-004,Oakley Ave & Touhy Ave,[],11,false,true,classic,42.012342,false,526,526,a3b0fff9-a135-11e9-9cda-0a87ae2ba916,undefined,undefined,undefined,undefined,undefined
-87.726491,528,Pulaski Rd & Lake St,[],11,false,true,classic,41.885409,false,528,528,a3b10a40-a135-11e9-9cda-0a87ae2ba916,undefined,undefined,undefined,undefined,undefined
-87.745261,16903,Cicero Ave & Lake St,[],11,false,true,classic,41.886841,false,529,529,a3b10f66-a135-11e9-9cda-0a87ae2ba916,undefined,undefined,undefined,undefined,undefined
-87.755527,530,Laramie Ave & Kinzie St,[],11,false,true,classic,41.887832,false,530,530,a3b11480-a135-11e9-9cda-0a87ae2ba916,undefined,undefined,undefined,undefined,undefined
-87.765469,16905,Central Ave & Lake St,[],11,false,true,classic,41.887664,false,531,531,a3b11993-a135-11e9-9cda-0a87ae2ba916,undefined,undefined,undefined,undefined,undefined
-87.774446,16906,Austin Blvd & Lake St,[],11,false,true,classic,41.887919,false,532,532,a3b11ea4-a135-11e9-9cda-0a87ae2ba916,undefined,undefined,undefined,undefined,undefined
-87.71547,16907,Central Park Blvd & 5th Ave,[],11,false,true,classic,41.875679,false,533,533,a3b123c5-a135-11e9-9cda-0a87ae2ba916,undefined,undefined,undefined,undefined,undefined
-87.727907,534,Karlov Ave & Madison St,[],11,false,true,classic,41.88085,false,534,534,a3b128de-a135-11e9-9cda-0a87ae2ba916,undefined,undefined,undefined,undefined,undefined
-87.725704,535,Pulaski Rd & Congress Pkwy,[],11,false,true,classic,41.874325,false,535,535,a3b12dfb-a135-11e9-9cda-0a87ae2ba916,undefined,undefined,undefined,undefined,undefined
-87.73541,536,Kostner Ave & Lake St,[],11,false,true,classic,41.885928,false,536,536,a3b1330c-a135-11e9-9cda-0a87ae2ba916,undefined,undefined,undefined,undefined,undefined
-87.741018,537,Kenton Ave & Madison St,[],11,false,true,classic,41.880708,false,537,537,a3b13836-a135-11e9-9cda-0a87ae2ba916,undefined,undefined,undefined,undefined,undefined
-87.746619,16912,Cicero Ave & Flournoy St,[],11,false,true,classic,41.872131,false,538,538,a3b13e66-a135-11e9-9cda-0a87ae2ba916,undefined,undefined,undefined,undefined,undefined
-87.745405,16913,Cicero Ave & Quincy St,[],11,false,true,classic,41.877613,false,539,539,a3b143aa-a135-11e9-9cda-0a87ae2ba916,undefined,undefined,undefined,undefined,undefined
-87.755337,540,Laramie Ave & Madison St,[],11,false,true,classic,41.880207,false,540,540,a3b148bf-a135-11e9-9cda-0a87ae2ba916,undefined,undefined,undefined,undefined,undefined
-87.764499,16915,Central Ave & Harrison St,[],11,false,true,classic,41.872993,false,541,541,a3b1c47b-a135-11e9-9cda-0a87ae2ba916,undefined,undefined,undefined,undefined,undefined
-87.763238,16916,Central Ave & Madison St,[],11,false,true,classic,41.880121,false,542,542,a3b1ca28-a135-11e9-9cda-0a87ae2ba916,undefined,undefined,undefined,undefined,undefined
-87.755285,543,Laramie Ave & Gladys Ave,[],11,false,true,classic,41.875806,false,543,543,a3b1cf80-a135-11e9-9cda-0a87ae2ba916,undefined,undefined,undefined,undefined,undefined
-87.774453,16918,Austin Blvd & Madison St,[],11,false,true,classic,41.880281,false,544,544,a3b1d532-a135-11e9-9cda-0a87ae2ba916,undefined,undefined,undefined,undefined,undefined
-87.735737,545,Kostner Ave & Adams St,[],11,false,true,classic,41.877917,false,545,545,a3b1db23-a135-11e9-9cda-0a87ae2ba916,undefined,undefined,undefined,undefined,undefined
-87.676597,546,Damen Ave & Pershing Rd,[],11,false,true,classic,41.823192,false,546,546,a3b1e065-a135-11e9-9cda-0a87ae2ba916,undefined,undefined,undefined,undefined,undefined
-87.665577,16932,Ashland Ave & Pershing Rd,[],11,false,true,classic,41.823465,false,547,547,a3b1e588-a135-11e9-9cda-0a87ae2ba916,undefined,undefined,undefined,undefined,undefined
-87.650931,16933,Morgan St & Pershing Rd,[],7,false,true,classic,41.823613,false,548,548,a3b1eaa7-a135-11e9-9cda-0a87ae2ba916,undefined,undefined,undefined,undefined,undefined
-87.666589,549,Marshfield Ave & 44th St,[],11,false,true,classic,41.813996,false,549,549,a3b1efd6-a135-11e9-9cda-0a87ae2ba916,undefined,undefined,undefined,undefined,undefined
-87.764902,16920,Central Ave & Chicago Ave,[],11,false,true,classic,41.894958,false,550,550,a3b1f4fb-a135-11e9-9cda-0a87ae2ba916,undefined,undefined,undefined,undefined,undefined
-87.67718,KA1504000091,Hoyne Ave & 47th St,[],11,false,true,classic,41.808227,false,551,551,a3b1fa1c-a135-11e9-9cda-0a87ae2ba916,undefined,undefined,undefined,undefined,undefined
-87.66454,16937,Ashland Ave & McDowell Ave,[],11,false,true,classic,41.80887,false,552,552,a3b1ff34-a135-11e9-9cda-0a87ae2ba916,undefined,undefined,undefined,undefined,undefined
-87.656526,553,Elizabeth St & 47th St,[],11,false,true,classic,41.80839,false,553,553,a3b2044b-a135-11e9-9cda-0a87ae2ba916,undefined,undefined,undefined,undefined,undefined
-87.674684,554,Damen Ave & 51st St,[],7,false,true,classic,41.800908,false,554,554,a3b20960-a135-11e9-9cda-0a87ae2ba916,undefined,undefined,undefined,undefined,undefined
-87.664699,16940,Ashland Ave & 50th St,[],11,false,true,classic,41.803023,false,555,555,a3b20e8a-a135-11e9-9cda-0a87ae2ba916,undefined,undefined,undefined,undefined,undefined
-87.657195,556,Throop St & 52nd St,[],7,false,true,classic,41.799659,false,556,556,a3b213af-a135-11e9-9cda-0a87ae2ba916,undefined,undefined,undefined,undefined,undefined
-87.675478,557,Seeley Ave & Garfield Blvd,[],11,false,true,classic,41.794087,false,557,557,a3b218cd-a135-11e9-9cda-0a87ae2ba916,undefined,undefined,undefined,undefined,undefined
-87.664429,16943,Ashland Ave & Garfield Blvd,[],11,false,true,classic,41.792822,false,558,558,a3b21de7-a135-11e9-9cda-0a87ae2ba916,undefined,undefined,undefined,undefined,undefined
-87.655073,559,Racine Ave & Garfield Blvd,[],11,false,true,classic,41.794228,false,559,559,a3b222fc-a135-11e9-9cda-0a87ae2ba916,undefined,undefined,undefined,undefined,undefined
-87.666215,560,Marshfield Ave & 59th St,[],11,false,true,classic,41.786833,false,560,560,a3b22815-a135-11e9-9cda-0a87ae2ba916,undefined,undefined,undefined,undefined,undefined
-87.67414391040802,561,Damen Ave & 59th St,[],11,false,true,classic,41.785861065132,false,561,561,a3b22d3d-a135-11e9-9cda-0a87ae2ba916,undefined,undefined,undefined,undefined,undefined
-87.654372,562,Racine Ave & 61st St,[],11,false,true,classic,41.783189,false,562,562,a3b23263-a135-11e9-9cda-0a87ae2ba916,undefined,undefined,undefined,undefined,undefined
-87.664843,16948,Ashland Ave & 63rd St,[],11,false,true,classic,41.779374,false,563,563,a3b23785-a135-11e9-9cda-0a87ae2ba916,undefined,undefined,undefined,undefined,undefined
-87.654308,564,Racine Ave & 65th St,[],11,false,true,classic,41.775393,false,564,564,a3b23cb8-a135-11e9-9cda-0a87ae2ba916,undefined,undefined,undefined,undefined,undefined
-87.663815,16950,Ashland Ave & 66th St,[],7,false,true,classic,41.774074,false,565,565,a3b241df-a135-11e9-9cda-0a87ae2ba916,undefined,undefined,undefined,undefined,undefined
-87.652934,567,May St & 69th St,[],11,false,true,classic,41.768938,false,567,567,a3b24c1f-a135-11e9-9cda-0a87ae2ba916,undefined,undefined,undefined,undefined,undefined
-87.63121,16953,Vincennes Ave & 75th St,[],7,false,true,classic,41.75797,false,568,568,a3b2513d-a135-11e9-9cda-0a87ae2ba916,undefined,undefined,undefined,undefined,undefined
-87.595751,569,Woodlawn Ave & 75th St,[],11,false,true,classic,41.75916,false,569,569,a3b25656-a135-11e9-9cda-0a87ae2ba916,undefined,undefined,undefined,undefined,undefined
-87.60641,570,Evans Ave & 75th St,[],7,false,true,classic,41.75849,false,570,570,a3b25b6d-a135-11e9-9cda-0a87ae2ba916,undefined,undefined,undefined,undefined,undefined
-87.614138,571,Vernon Ave & 75th St,[],11,false,true,classic,41.758361,false,571,571,a3b26084-a135-11e9-9cda-0a87ae2ba916,undefined,undefined,undefined,undefined,undefined
-87.624621,572,State St & 76th St,[],11,false,true,classic,41.756971,false,572,572,a3b2659d-a135-11e9-9cda-0a87ae2ba916,undefined,undefined,undefined,undefined,undefined
-87.624424,573,State St & 79th St,[],11,false,true,classic,41.750794,false,573,573,a3b26acf-a135-11e9-9cda-0a87ae2ba916,undefined,undefined,undefined,undefined,undefined
-87.61379,574,Vernon Ave & 79th St,[],11,false,true,classic,41.75094,false,574,574,a3b26fee-a135-11e9-9cda-0a87ae2ba916,undefined,undefined,undefined,undefined,undefined
-87.605026,575,Cottage Grove Ave & 78th St,[],11,false,true,classic,41.753174,false,575,575,a3b2767f-a135-11e9-9cda-0a87ae2ba916,undefined,undefined,undefined,undefined,undefined
-87.597552,576,Greenwood Ave & 79th St,[],11,false,true,classic,41.751294,false,576,576,a3b27bcf-a135-11e9-9cda-0a87ae2ba916,undefined,undefined,undefined,undefined,undefined
-87.585337,577,Stony Island Ave & South Chicago Ave,[],11,false,true,classic,41.751173,false,577,577,a3b2810e-a135-11e9-9cda-0a87ae2ba916,undefined,undefined,undefined,undefined,undefined
-87.578496,16970,Bennett Ave & 79th St,[],11,false,true,classic,41.751785,false,578,578,a3b2862e-a135-11e9-9cda-0a87ae2ba916,undefined,undefined,undefined,undefined,undefined
-87.565211,579,Phillips Ave & 79th St,[],11,false,true,classic,41.75182,false,579,579,a3b28b4a-a135-11e9-9cda-0a87ae2ba916,undefined,undefined,undefined,undefined,undefined
-87.552812,580,Exchange Ave & 79th St,[],11,false,true,classic,41.751731,false,580,580,a3b2905a-a135-11e9-9cda-0a87ae2ba916,undefined,undefined,undefined,undefined,undefined
-87.551208,TA1309000051,Commercial Ave & 83rd St,[],11,false,true,classic,41.744615,false,581,581,a3b2956a-a135-11e9-9cda-0a87ae2ba916,undefined,undefined,undefined,undefined,undefined
-87.56506,582,Phillips Ave & 83rd St,[],11,false,true,classic,41.744531,false,582,582,a3b29a90-a135-11e9-9cda-0a87ae2ba916,undefined,undefined,undefined,undefined,undefined
-87.586005,583,Stony Island Ave & 82nd St,[],11,false,true,classic,41.746559,false,583,583,a3b29fae-a135-11e9-9cda-0a87ae2ba916,undefined,undefined,undefined,undefined,undefined
-87.599034,584,Ellis Ave & 83rd St,[],11,false,true,classic,41.744123,false,584,584,a3b2a4ca-a135-11e9-9cda-0a87ae2ba916,undefined,undefined,undefined,undefined,undefined
-87.604836,585,Cottage Grove Ave & 83rd St,[],11,false,true,classic,41.743441,false,585,585,a3b2a9e7-a135-11e9-9cda-0a87ae2ba916,undefined,undefined,undefined,undefined,undefined
-87.6148,586,MLK Jr Dr & 83rd St,[],11,false,true,classic,41.743116,false,586,586,a3b2af02-a135-11e9-9cda-0a87ae2ba916,undefined,undefined,undefined,undefined,undefined
-87.622849,587,Wabash Ave & 83rd St,[],11,false,true,classic,41.743316,false,587,587,a3b2b419-a135-11e9-9cda-0a87ae2ba916,undefined,undefined,undefined,undefined,undefined
-87.575225,588,South Chicago Ave & 83rd St,[],11,false,true,classic,41.743921,false,588,588,a3b2b92c-a135-11e9-9cda-0a87ae2ba916,undefined,undefined,undefined,undefined,undefined
-87.749594,16991,Milwaukee Ave & Cuyler Ave,[],11,false,true,classic,41.954468,false,589,589,a3b2be3a-a135-11e9-9cda-0a87ae2ba916,undefined,undefined,undefined,undefined,undefined
-87.740569,590,Kilbourn Ave & Irving Park Rd,[],11,false,true,classic,41.953733,false,590,590,a3b2c354-a135-11e9-9cda-0a87ae2ba916,undefined,undefined,undefined,undefined,undefined
-87.745359,592,Knox Ave & Montrose Ave,[],11,false,true,classic,41.960631,false,592,592,a3b2cd97-a135-11e9-9cda-0a87ae2ba916,undefined,undefined,undefined,undefined,undefined
-87.644874,593,Halsted St & 59th St,[],11,false,true,classic,41.787539,false,593,593,a3b2d2b7-a135-11e9-9cda-0a87ae2ba916,undefined,undefined,undefined,undefined,undefined
-87.683392,594,Western Blvd & 48th Pl,[],11,false,true,classic,41.805661,false,594,594,a3b2d7d9-a135-11e9-9cda-0a87ae2ba916,undefined,undefined,undefined,undefined,undefined
-87.622634,595,Wabash Ave & 87th St,[],11,false,true,classic,41.736646,false,595,595,a3b2dcf0-a135-11e9-9cda-0a87ae2ba916,undefined,undefined,undefined,undefined,undefined
-87.72785,16010,Keystone Ave & Fullerton Ave,[],11,false,true,classic,41.92459,false,619,619,a3b35885-a135-11e9-9cda-0a87ae2ba916,undefined,undefined,undefined,undefined,undefined
-87.620104,18003,Fairbanks St & Superior St,[],11,false,true,classic,41.895748,false,635,635,a3b39bb0-a135-11e9-9cda-0a87ae2ba916,undefined,undefined,undefined,undefined,undefined
-87.636618,636,Orleans St & Hubbard St,[],11,false,true,classic,41.890028,false,636,636,a3b3a0c8-a135-11e9-9cda-0a87ae2ba916,undefined,undefined,undefined,undefined,undefined
-87.713949,18016,Bernard St & Elston Ave,[],11,false,true,classic,41.949923,false,640,640,a3b42a3e-a135-11e9-9cda-0a87ae2ba916,undefined,undefined,undefined,undefined,undefined
-87.716755,18017,Central Park Ave & Bloomingdale Ave,[],11,false,true,classic,41.914166,false,641,641,a3b42f5f-a135-11e9-9cda-0a87ae2ba916,undefined,undefined,undefined,undefined,undefined
-87.756895,642,Latrobe Ave & Chicago Ave,[],7,false,true,classic,41.894745,false,642,642,a3b43478-a135-11e9-9cda-0a87ae2ba916,undefined,undefined,undefined,undefined,undefined
-87.686234,644,Western Ave & Fillmore St,[],11,false,true,classic,41.868563,false,644,644,a3b43eb7-a135-11e9-9cda-0a87ae2ba916,undefined,undefined,undefined,undefined,undefined
-87.683144,18022,Archer (Damen) Ave & 37th St,[],11,false,true,classic,41.826712,false,645,645,a3b443ce-a135-11e9-9cda-0a87ae2ba916,undefined,undefined,undefined,undefined,undefined
-87.625923,646,State St & 54th St,[],11,false,true,classic,41.796642,false,646,646,a3b4497a-a135-11e9-9cda-0a87ae2ba916,undefined,undefined,undefined,undefined,undefined
-87.65469789505005,647,Elizabeth St & 59th St,[],7,false,true,classic,41.789696880483376,false,647,647,a3b44eba-a135-11e9-9cda-0a87ae2ba916,undefined,undefined,undefined,undefined,undefined
-87.650919,18025,Carpenter St & 63rd St,[],7,false,true,classic,41.77987,false,648,648,a3b453f2-a135-11e9-9cda-0a87ae2ba916,undefined,undefined,undefined,undefined,undefined
-87.634774,649,Stewart Ave & 63rd St,[],11,false,true,classic,41.779835,false,649,649,a3b4590f-a135-11e9-9cda-0a87ae2ba916,undefined,undefined,undefined,undefined,undefined
-87.635876,650,Eggleston Ave & 69th St,[],11,false,true,classic,41.768898,false,650,650,a3b45e26-a135-11e9-9cda-0a87ae2ba916,undefined,undefined,undefined,undefined,undefined
-87.611726,652,Rhodes Ave & 71st St,[],11,false,true,classic,41.766,false,652,652,a3b46866-a135-11e9-9cda-0a87ae2ba916,undefined,undefined,undefined,undefined,undefined
-87.584846,653,Cornell Dr & Hayes Dr,[],11,false,true,classic,41.780595,false,653,653,a3b46d7b-a135-11e9-9cda-0a87ae2ba916,undefined,undefined,undefined,undefined,undefined
-87.656952,654,Racine Ave & Washington Blvd,[],11,false,true,classic,41.883073,false,654,654,a3b4728f-a135-11e9-9cda-0a87ae2ba916,undefined,undefined,undefined,undefined,undefined
-87.580046,665,South Chicago Ave & Elliot Ave,[],7,false,true,classic,41.747363,false,665,665,a3b4aa91-a135-11e9-9cda-0a87ae2ba916,undefined,undefined,undefined,undefined,undefined
-87.63547986745834,RN-,Franklin St & Illinois St,[],11,false,true,classic,41.89102331025185,false,672,672,8995498f-1209-4b06-9317-01cd695b3b61,undefined,undefined,undefined,undefined,undefined
-87.621748,651,Michigan Ave & 71st St,[],7,false,true,classic,41.765286,false,674,674,61695579-2f75-4090-a071-c76079b5fb5d,undefined,undefined,undefined,undefined,undefined
-87.52823173999786,20222,Burnham Greenway & 105th St,[],11,false,true,classic,41.7045750872071,false,710,710,c1f104db-9ee7-4999-bd4a-ddd766c75e04,undefined,undefined,undefined,undefined,undefined
-87.53481388092041,20223,Ewing Ave & Burnham Greenway,[],11,false,true,classic,41.71274876109496,false,718,718,98fe78dc-4efa-4b39-a47c-0d94abcdb221,undefined,undefined,undefined,undefined,undefined
-87.66891896724701,20108,Hale Ave & 107th St,[],11,false,true,classic,41.699206168127674,false,723,723,da9e6779-5056-4d45-bae3-9dc325ed2807,undefined,undefined,undefined,undefined,undefined
-87.56459176540375,20227,Bradley Park,[],11,false,true,classic,41.717878301935,false,731,731,ee925757-31ce-41ad-9bb7-73b1bb363616,undefined,undefined,undefined,undefined,undefined
-87.70096063613892,20204,Kedzie Ave & 110th St,[],11,false,true,classic,41.69239474587557,false,736,736,8a677aec-442b-47b8-aff7-50852e1d26c0,undefined,undefined,undefined,undefined,undefined
-87.7176965,undefined,Lawndale Ave & 16th St,[],9,false,false,lightweight,41.8591606,false,1561012887305957948,1561012887305957948,motivate_CHI_1561012887305957948,9,"1540, South Lawndale Avenue, North Lawndale, Chicago, Cook County, Illinois, 60623, United States",CITY_PILOT_RACK,CHI,motivate_CHI_1561012887305957948
-87.617054,undefined,Indiana Ave & 133rd St,[],6,false,false,lightweight,41.653564,false,1448642188027369086,1448642188027369086,motivate_CHI_1448642188027369086,6,"210, East 133rd Street, Riverdale, Chicago, Cook County, Illinois, 60827, United States of America",CITY_PILOT_RACK,CHI,motivate_CHI_1448642188027369086
-87.7056392,undefined,Spaulding Ave & 63rd St,[],9,false,false,lightweight,41.7791655,false,1582242311042651716,1582242311042651716,motivate_CHI_1582242311042651716,9,"6248-6252, South Spaulding Avenue, Chicago Lawn, Chicago, Lake Township, Cook County, Illinois, 60629, United States",CITY_PILOT_RACK,CHI,motivate_CHI_1582242311042651716
-87.697075,undefined,Washtenaw Ave & Peterson Ave,[],9,false,false,lightweight,41.99066,false,1594046461117682452,1594046461117682452,motivate_CHI_1594046461117682452,9,"2700-2704, West Peterson Avenue, West Ridge, Chicago, Jefferson Township, Cook County, Illinois, 60645, United States",CITY_PILOT_RACK,CHI,motivate_CHI_1594046461117682452
-87.6898796,undefined,Western Ave & Ardmore Ave,[],9,false,false,lightweight,41.9867636,false,1594046465420805300,1594046465420805300,motivate_CHI_1594046465420805300,9,"5754, North Western Avenue, West Ridge, Chicago, Jefferson Township, Cook County, Illinois, 60645, United States",CITY_PILOT_RACK,CHI,motivate_CHI_1594046465420805300
-87.703034,undefined,Richmond St & Lincoln Ave,[],6,false,false,lightweight,41.988281,false,1594046456822715152,1594046456822715152,motivate_CHI_1594046456822715152,6,"Mather High School, North Richmond Street, West Ridge, Chicago, Jefferson Township, Cook County, Illinois, 60645, United States",CITY_PILOT_RACK,CHI,motivate_CHI_1594046456822715152
-87.7308406,undefined,Kildare Ave & 47th St,[],6,false,false,lightweight,41.807526,false,1593766347538293664,1593766347538293664,motivate_CHI_1593766347538293664,6,"4713, South Kildare Avenue, West Elsdon, Archer Heights, Chicago, Lake Township, Cook County, Illinois, 60629, United States",CITY_PILOT_RACK,CHI,motivate_CHI_1593766347538293664
-87.7174329,undefined,Monticello Ave & Chicago Ave,[],6,false,false,lightweight,41.8952089,false,1575949489503728316,1575949489503728316,motivate_CHI_1575949489503728316,6,"3613-3625, West Chicago Avenue, Humboldt Park, Chicago, Cook County, Illinois, 60651, United States",CITY_PILOT_RACK,CHI,motivate_CHI_1575949489503728316
-87.706489,undefined,Troy St & Grace St,[],9,false,false,lightweight,41.950244,false,1594046456830870690,1594046456830870690,motivate_CHI_1594046456830870690,9,"3114-3120, West Grace Street, Irving Park, Chicago, Jefferson Township, Cook County, Illinois, 60618, United States",CITY_PILOT_RACK,CHI,motivate_CHI_1594046456830870690
-87.806938,undefined,Harlem Ave & Grace St,[],9,false,false,lightweight,41.9488531,false,1571105063705518104,1571105063705518104,motivate_CHI_1571105063705518104,9,"3759, North Harlem Avenue, Dunning, Chicago, Jefferson Township, Cook County, Illinois, 60402, United States",CITY_PILOT_RACK,CHI,motivate_CHI_1571105063705518104
-87.69396,undefined,Washtenaw Ave & Madison St,[],9,false,false,lightweight,41.881286,false,1594046383808271020,1594046383808271020,motivate_CHI_1594046383808271020,9,"15, North Washtenaw Avenue, East Garfield Park, Chicago, Cook County, Illinois, 60612, United States",CITY_PILOT_RACK,CHI,motivate_CHI_1594046383808271020
-87.7686995,undefined,Major Ave & Bloomingdale Ave,[],9,false,false,lightweight,41.9125923,false,1575949506683597522,1575949506683597522,motivate_CHI_1575949506683597522,9,"5729, West Bloomingdale Avenue, Beat 2531, Austin, Chicago, Jefferson Township, Cook County, Illinois, 60639, United States",CITY_PILOT_RACK,CHI,motivate_CHI_1575949506683597522
-87.728841,undefined,Tripp Ave & 65th St,[],9,false,false,lightweight,41.7749163,false,1594041781399920504,1594041781399920504,motivate_CHI_1594041781399920504,9,"Lee Elementary School, South Kildare Avenue, West Elsdon, West Lawn, Chicago, Lake Township, Cook County, Illinois, 60629, United States",CITY_PILOT_RACK,CHI,motivate_CHI_1594041781399920504
-87.689685,undefined,Rockwell St & Archer Ave,[],9,false,false,lightweight,41.823324,false,1582242293862782510,1582242293862782510,motivate_CHI_1582242293862782510,9,"3831, South Rockwell Street, South Brighton, Brighton Park, Chicago, Lake Township, Cook County, Illinois, 60632, United States",CITY_PILOT_RACK,CHI,motivate_CHI_1582242293862782510
-87.829258,undefined,Panama Ave & Grace St,[],9,false,false,lightweight,41.9476665,false,1571105042230683640,1571105042230683640,motivate_CHI_1571105042230683640,9,"Canty Elementary School, North Panama Avenue, Dunning, Chicago, Jefferson Township, Cook County, Illinois, 60634, United States",CITY_PILOT_RACK,CHI,motivate_CHI_1571105042230683640
-87.5365497,undefined,Avenue L & 114th St,[],10,false,false,lightweight,41.6881169,false,1448642175142467184,1448642175142467184,motivate_CHI_1448642175142467184,10,"George Washington High School, South Avenue L, East Side, Chicago, Cook County, Illinois, 60617, United States of America",CITY_PILOT_RACK,CHI,motivate_CHI_1448642175142467184
-87.7669331,undefined,Central Ave & Roscoe St,[],9,false,false,lightweight,41.942258,false,1571105050820616194,1571105050820616194,motivate_CHI_1571105050820616194,9,"5617, West Roscoe Street, Dunning, Portage Park, Chicago, Jefferson Township, Cook County, Illinois, 60634, United States",CITY_PILOT_RACK,CHI,motivate_CHI_1571105050820616194
-87.6889201,undefined,Rockwell St & 57th St,[],6,false,false,lightweight,41.7903484,false,1582242276682913304,1582242276682913304,motivate_CHI_1582242276682913304,6,"Gage Park High School, West 57th Street, Marquette Manor, Gage Park, Chicago, Lake Township, Cook County, Illinois, 60629, United States",CITY_PILOT_RACK,CHI,motivate_CHI_1582242276682913304
-87.760954,undefined,Long Ave & Belden Ave,[],9,false,false,lightweight,41.9227049,false,1563698688321392630,1563698688321392630,motivate_CHI_1563698688321392630,9,"2335, North Long Avenue, Whiskey Point, Belmont Cragin, Chicago, Jefferson Township, Cook County, Illinois, 60630, United States",CITY_PILOT_RACK,CHI,motivate_CHI_1563698688321392630
-87.7554551,undefined,Augusta Blvd & Laramie Ave,[],9,false,false,lightweight,41.8986607,false,1575949519568499430,1575949519568499430,motivate_CHI_1575949519568499430,9,"1001, North Laramie Avenue, Austin, Chicago, Cook County, Illinois, 60651, United States",CITY_PILOT_RACK,CHI,motivate_CHI_1575949519568499430
-87.722564,undefined,Pulaski Rd & 60th St,[],9,false,false,lightweight,41.784186,false,1593766343243326364,1593766343243326364,motivate_CHI_1593766343243326364,9,"5955-5959, South Pulaski Road, West Lawn, Chicago, Lake Township, Cook County, Illinois, 60652, United States",CITY_PILOT_RACK,CHI,motivate_CHI_1593766343243326364
-87.8020357,undefined,Nordica & Medill,[],9,false,false,lightweight,41.922278,false,1575949532952438778,1575949532952438778,motivate_CHI_1575949532952438778,9,"Mont Clare, West Medill Avenue, Beat 2512, Montclare, Chicago, Jefferson Township, Cook County, Illinois, 60707, United States",CITY_PILOT_RACK,CHI,motivate_CHI_1575949532952438778
-87.733598,undefined,Kildare Ave & Division St,[],9,false,false,lightweight,41.902393,false,1575949493798695616,1575949493798695616,motivate_CHI_1575949493798695616,9,"4255-4259, West Division Street, Beat 2534, Humboldt Park, Chicago, Cook County, Illinois, 60651, United States",CITY_PILOT_RACK,CHI,motivate_CHI_1575949493798695616
-87.7548602,undefined,Leamington Ave & Hirsch St,[],9,false,false,lightweight,41.9058405,false,1575949502388630222,1575949502388630222,motivate_CHI_1575949502388630222,9,"5138, West Hirsch Street, Beat 2532, Austin, Oak Park, Cook County, Illinois, 60651, United States",CITY_PILOT_RACK,CHI,motivate_CHI_1575949502388630222
-87.724541,undefined,Pulaski Rd & 21st St,[],9,false,false,lightweight,41.853452,false,1561012874421056044,1561012874421056044,motivate_CHI_1561012874421056044,9,"Pulaski, West 21st Street, North Lawndale, Chicago, Cook County, Illinois, 60623, United States",CITY_PILOT_RACK,CHI,motivate_CHI_1561012874421056044
-87.702166,undefined,Francisco Ave & Montrose Ave,[],9,false,false,lightweight,41.961097,false,1594046448262943690,1594046448262943690,motivate_CHI_1594046448262943690,9,"4342-4344, North Richmond Street, Ravenswood Manor, Irving Park, Chicago, Jefferson Township, Cook County, Illinois, 60625, United States",CITY_PILOT_RACK,CHI,motivate_CHI_1594046448262943690
-87.7048924,undefined,Virginia Ave & Catalpa Ave,[],9,false,false,lightweight,41.9812456,false,1594046435347878642,1594046435347878642,motivate_CHI_1594046435347878642,9,"3005, West Catalpa Avenue, Lincoln Square, Chicago, Jefferson Township, Cook County, Illinois, 60625, United States",CITY_PILOT_RACK,CHI,motivate_CHI_1594046435347878642
-87.705193,undefined,Troy Ave & 27th St,[],9,false,false,lightweight,41.840909,false,1594046448232780546,1594046448232780546,motivate_CHI_1594046448232780546,9,"3206, West 28th Street, South Lawndale, Chicago, Cook County, Illinois, 60623, United States",CITY_PILOT_RACK,CHI,motivate_CHI_1594046448232780546
-87.653449,undefined,W Armitage Ave & N Sheffield Ave,[],8,false,false,lightweight,41.917805,false,1436495105198659242,1436495105198659242,motivate_CHI_1436495105198659242,8,"1964, North Sheffield Avenue, Lincoln Park, Chicago, Cook County, Illinois, 60614, United States of America",CITY_PILOT_RACK,CHI,motivate_CHI_1436495105198659242
-87.7469526,undefined,Cicero Ave & Grace St,[],6,false,false,lightweight,41.94973,false,1563698701206292482,1563698701206292482,motivate_CHI_1563698701206292482,6,"3757, North Cicero Avenue, Grayland, Portage Park, Chicago, Jefferson Township, Cook County, Illinois, 60641, United States",CITY_PILOT_RACK,CHI,motivate_CHI_1563698701206292482
-87.70055,undefined,Milwaukee Ave & Fullerton Ave,[],9,false,false,lightweight,41.924691,false,1594046409578074830,1594046409578074830,motivate_CHI_1594046409578074830,9,"Liberty Bank, 2392, North Milwaukee Avenue, Maplewood, Logan Square, Chicago, Cook County, Illinois, 60647, United States",CITY_PILOT_RACK,CHI,motivate_CHI_1594046409578074830
-87.8072964,undefined,Roscoe & Harlem,[],9,false,false,lightweight,41.9416062,false,1571105055115583500,1571105055115583500,motivate_CHI_1571105055115583500,9,"3400-3408, North Harlem Avenue, Dunning, Chicago, Jefferson Township, Cook County, Illinois, 60402, United States",CITY_PILOT_RACK,CHI,motivate_CHI_1571105055115583500
-87.692972,undefined,Rockwell St & Fletcher St,[],9,false,false,lightweight,41.938689,false,1594046422462976736,1594046422462976736,motivate_CHI_1594046422462976736,9,"3130, North Rockwell Street, Avondale, Chicago, Cook County, Illinois, 60618, United States",CITY_PILOT_RACK,CHI,motivate_CHI_1594046422462976736
-87.7853829,undefined,Narragansett & Irving Park,[],9,false,false,lightweight,41.952614,false,1571105068000485406,1571105068000485406,motivate_CHI_1571105068000485406,9,"Merrimac Park Fieldhouse, 6343, West Irving Park Road, Portage Park, Chicago, Jefferson Township, Cook County, Illinois, 60634, United States",CITY_PILOT_RACK,CHI,motivate_CHI_1571105068000485406
-87.760999,undefined,Long Ave & North Ave,[],9,false,false,lightweight,41.909212,false,1575949523863466730,1575949523863466730,motivate_CHI_1575949523863466730,9,"5409, West North Avenue, Beat 2532, Austin, Chicago, Jefferson Township, Cook County, Illinois, 60302, United States",CITY_PILOT_RACK,CHI,motivate_CHI_1575949523863466730
-87.7013952,undefined,Kedzie Ave & 104th St,[],8,false,false,lightweight,41.7037764,false,1521679584953491780,1521679584953491780,motivate_CHI_1521679584953491780,8,"10400-10412, South Kedzie Avenue, Mount Greenwood, Chicago, Lake Township, Cook County, Illinois, 60655, United States",CITY_PILOT_RACK,CHI,motivate_CHI_1521679584953491780
-87.7784686,undefined,Meade Ave & Diversey Ave,[],9,false,false,lightweight,41.9309018,false,1563698675436490728,1563698675436490728,motivate_CHI_1563698675436490728,9,"6101-6107, West Diversey Avenue, Beat 2512, Belmont Cragin, Chicago, Jefferson Township, Cook County, Illinois, 60707, United States",CITY_PILOT_RACK,CHI,motivate_CHI_1563698675436490728
-87.6867556,undefined,Campbell Ave & 51st St,[],9,false,false,lightweight,41.8009585,false,1582242302452717114,1582242302452717114,motivate_CHI_1582242302452717114,9,"5108, South Campbell Avenue, Marquette Manor, Gage Park, Chicago, Lake Township, Cook County, Illinois, 60632, United States",CITY_PILOT_RACK,CHI,motivate_CHI_1582242302452717114
-87.7844017,undefined,Mulligan Ave & Wellington Ave,[],9,false,false,lightweight,41.9347409,false,1563698718386161692,1563698718386161692,motivate_CHI_1563698718386161692,9,"6346, West Wellington Avenue, Belmont Cragin, Chicago, Jefferson Township, Cook County, Illinois, 60634, United States",CITY_PILOT_RACK,CHI,motivate_CHI_1563698718386161692
-87.6319447,undefined,Ping Tom Park (East),[],6,false,false,lightweight,41.8579886,false,1500206163166594382,1500206163166594382,motivate_CHI_1500206163166594382,6,"Stone Talk, South Wentworth Avenue, Near South Side, South Loop, Chicago, Cook County, Illinois, 60616, United States",CITY_PILOT_RACK,CHI,motivate_CHI_1500206163166594382
-87.6874351,undefined,Maplewood Ave & 59th St,[],9,false,false,lightweight,41.7863375,false,1582242285272847904,1582242285272847904,motivate_CHI_1582242285272847904,9,"2525, West 59th Street, Marquette Manor, Gage Park, Chicago, Lake Township, Cook County, Illinois, 60629, United States",CITY_PILOT_RACK,CHI,motivate_CHI_1582242285272847904
-87.649931,undefined,W Washington Blvd & N Peoria St,[],6,false,false,lightweight,41.883043,false,1436495109493626544,1436495109493626544,motivate_CHI_1436495109493626544,6,"901, West Washington Boulevard, Near West Side, Chicago, Cook County, Illinois, 60644, United States of America",CITY_PILOT_RACK,CHI,motivate_CHI_1436495109493626544
-87.7993183,undefined,Shabbona Park,[],9,false,false,lightweight,41.9439881,false,1571105046525650938,1571105046525650938,motivate_CHI_1571105046525650938,9,"Shabbona Park Fieldhouse, 6915, West Addison Street, Dunning, Chicago, Jefferson Township, Cook County, Illinois, 60634, United States",CITY_PILOT_RACK,CHI,motivate_CHI_1571105046525650938
-87.678519,undefined,N Damen Ave & W Chicago Ave,[],6,false,false,lightweight,41.895809,false,1436495119852630436,1436495119852630436,motivate_CHI_1436495119852630436,6,"Mariano's, 2021, West Chicago Avenue, West Town, Chicago, Cook County, Illinois, 60622, United States of America",CITY_PILOT_RACK,CHI,motivate_CHI_1436495119852630436
-87.620843,undefined,S Michigan Ave & E 118th St,[],6,false,false,lightweight,41.679804,false,1448642175142467180,1448642175142467180,motivate_CHI_1448642175142467180,6,"34, East 118th Street, Chicago, Cook County, Illinois, 60628, United States of America",CITY_PILOT_RACK,CHI,motivate_CHI_1448642175142467180
-87.6973314,undefined,Richmond St & 59th St,[],9,false,false,lightweight,41.7865155,false,1582242280977880604,1582242280977880604,motivate_CHI_1582242280977880604,9,"5844, South Richmond Street, Chicago Lawn, Chicago, Lake Township, Cook County, Illinois, 60629, United States",CITY_PILOT_RACK,CHI,motivate_CHI_1582242280977880604
-87.7105616,undefined,St Louis Ave & 59th St,[],9,false,false,lightweight,41.785987,false,1582242280977880602,1582242280977880602,motivate_CHI_1582242280977880602,9,"3455-3459, West 59th Street, West Elsdon, Gage Park, Chicago, Lake Township, Cook County, Illinois, 60629, United States",CITY_PILOT_RACK,CHI,motivate_CHI_1582242280977880602
-87.7040052,undefined,Kedzie Ave & 45th St,[],6,false,false,lightweight,41.8113904,false,1582242315337619018,1582242315337619018,motivate_CHI_1582242315337619018,6,"4520-4546, South Kedzie Avenue, Brighton Park, Chicago, Lake Township, Cook County, Illinois, 60632, United States",CITY_PILOT_RACK,CHI,motivate_CHI_1582242315337619018
-87.69783,undefined,California Ave & Berteau Ave,[],9,false,false,lightweight,41.957573,false,1594046431052911342,1594046431052911342,motivate_CHI_1594046431052911342,9,"Horner Park Comfort Station, North California Avenue, Irving Park, Chicago, Jefferson Township, Cook County, Illinois, 60625, United States",CITY_PILOT_RACK,CHI,motivate_CHI_1594046431052911342
-87.693671,undefined,Washtenaw Ave & Polk St,[],9,false,false,lightweight,41.873965,false,1594046392398205624,1594046392398205624,motivate_CHI_1594046392398205624,9,"Filter Building, South Washtenaw Avenue, East Garfield Park, Chicago, Cook County, Illinois, 60608, United States",CITY_PILOT_RACK,CHI,motivate_CHI_1594046392398205624
-87.6885894,undefined,Rockwell St & 63rd St,[],6,false,false,lightweight,41.7787905,false,1582242289567815208,1582242289567815208,motivate_CHI_1582242289567815208,6,"2601, West 63rd Street, Chicago Lawn, Chicago, Lake Township, Cook County, Illinois, 60629, United States",CITY_PILOT_RACK,CHI,motivate_CHI_1582242289567815208
-87.707262,undefined,Kedzie Ave & George St,[],9,false,false,lightweight,41.933886,false,1594046422462976738,1594046422462976738,motivate_CHI_1594046422462976738,9,"3146, West George Street, Avondale, Chicago, Cook County, Illinois, 60618, United States",CITY_PILOT_RACK,CHI,motivate_CHI_1594046422462976738
-87.704448,undefined,Whipple/Irving Park,[],9,false,false,lightweight,41.954189,false,1606778059648526978,1606778059648526978,motivate_CHI_1606778059648526978,9,"3036, West Irving Park Road, Irving Park, Chicago, Jefferson Township, Cook County, Illinois, 60625, United States",CITY_PILOT_RACK,CHI,motivate_CHI_1606778059648526978
-87.671469,undefined,N Paulina St & Lincoln Ave,[],6,false,false,lightweight,41.943838,false,1436495122378528446,1436495122378528446,motivate_CHI_1436495122378528446,6,"3413-3419, North Lincoln Avenue, Lake View, Chicago, Cook County, Illinois, 60613, United States of America",CITY_PILOT_RACK,CHI,motivate_CHI_1436495122378528446
-87.6933566,undefined,California Ave & Marquette Rd,[],9,false,false,lightweight,41.7715789,false,1582242285272847908,1582242285272847908,motivate_CHI_1582242285272847908,9,"6701-6727, South California Avenue, Chicago Lawn, Chicago, Lake Township, Cook County, Illinois, 60629, United States",CITY_PILOT_RACK,CHI,motivate_CHI_1582242285272847908
-87.7704807,undefined,Menard Ave & Division St,[],9,false,false,lightweight,41.902269,false,1575949498093662918,1575949498093662918,motivate_CHI_1575949498093662918,9,"New Greater Saint James Missionary Baptist Church, North Menard Avenue, Beat 2531, Austin, Chicago, Jefferson Township, Cook County, Illinois, 60651, United States",CITY_PILOT_RACK,CHI,motivate_CHI_1575949498093662918
-87.59399,undefined,Woodlawn & 103rd - Olive Harvey Vaccination Site,[],10,false,false,lightweight,41.707338,false,1448642183732401786,1448642183732401786,motivate_CHI_1448642183732401786,10,"10495, South Woodlawn Avenue, Chicago, Cook County, Illinois, 60628, United States of America",CITY_PILOT_RACK,CHI,motivate_CHI_1448642183732401786
-87.7671806,undefined,Parkside Ave & Armitage Ave,[],9,false,false,lightweight,41.9169054,false,1563698679731458030,1563698679731458030,motivate_CHI_1563698679731458030,9,"Hanson Park, West Armitage Avenue, Hanson Park, Beat 2515, Chicago, Jefferson Township, Cook County, Illinois, 60639, United States",CITY_PILOT_RACK,CHI,motivate_CHI_1563698679731458030
-87.615425,undefined,Martin Luther King Dr & 111th St,[],6,false,false,lightweight,41.692615,false,1448642179437434486,1448642179437434486,motivate_CHI_1448642179437434486,6,"Filter Building, East 111th Street, Arcade Row, Chicago, Cook County, Illinois, 60628, United States of America",CITY_PILOT_RACK,CHI,motivate_CHI_1448642179437434486
-87.7232647,undefined,Harding Ave & 26th St,[],9,false,false,lightweight,41.8444715,false,1561012874421056046,1561012874421056046,motivate_CHI_1561012874421056046,9,"2549-2553, South Harding Avenue, Crawford, South Lawndale, Chicago, Cook County, Illinois, 60623, United States",CITY_PILOT_RACK,CHI,motivate_CHI_1561012874421056046
-87.70167,undefined,Sacramento Blvd & Fulton Ave,[],9,false,false,lightweight,41.886528,false,1594046379513303716,1594046379513303716,motivate_CHI_1594046379513303716,9,"3010, West Fulton Boulevard, East Garfield Park, Chicago, Cook County, Illinois, 60622-4580, United States",CITY_PILOT_RACK,CHI,motivate_CHI_1594046379513303716
-87.6537676,undefined,N Sheffield Ave & W Wellington Ave,[],6,false,false,lightweight,41.9362263,false,1436495118083561146,1436495118083561146,motivate_CHI_1436495118083561146,6,"2953-2955, North Sheffield Avenue, Lincoln Park, Lake View, Chicago, Cook County, Illinois, 60657, United States of America",CITY_PILOT_RACK,CHI,motivate_CHI_1436495118083561146
-87.6945422,undefined,California Ave & 36th St,[],9,false,false,lightweight,41.8282301,false,1582242315337619020,1582242315337619020,motivate_CHI_1582242315337619020,9,"2748, West 36th Street, Brighton Park, Chicago, Cook County, Illinois, 60632, United States",CITY_PILOT_RACK,CHI,motivate_CHI_1582242315337619020
-87.694129,undefined,California Ave & 29th St,[],9,false,false,lightweight,41.840222,false,1594046448232780548,1594046448232780548,motivate_CHI_1594046448232780548,9,"Division XI, 3015, South California Boulevard, South Lawndale, Chicago, Cook County, Illinois, 60608, United States",CITY_PILOT_RACK,CHI,motivate_CHI_1594046448232780548
-87.696619,undefined,Francisco Ave & 47th St,[],9,false,false,lightweight,41.8084245,false,1582242298157749812,1582242298157749812,motivate_CHI_1582242298157749812,9,"4643, South Francisco Avenue, Brighton Park, Chicago, Lake Township, Cook County, Illinois, 60632, United States",CITY_PILOT_RACK,CHI,motivate_CHI_1582242298157749812
-87.7246058,undefined,Pulaski & Ann Lurie Pl,[],9,false,false,lightweight,41.8162761,false,1594041785694887804,1594041785694887804,motivate_CHI_1594041785694887804,9,"4220-4238, South Pulaski Road, Archer Heights, Chicago, Lake Township, Cook County, Illinois, 60652, United States",CITY_PILOT_RACK,CHI,motivate_CHI_1594041785694887804
-87.7337799,undefined,Kenosha & Wellington,[],9,false,false,lightweight,41.9344421,false,1563698705501259786,1563698705501259786,motivate_CHI_1563698705501259786,9,"2926, North Kenosha Avenue, Beat 2523, Hermosa, Chicago, Jefferson Township, Cook County, Illinois, 60641, United States",CITY_PILOT_RACK,CHI,motivate_CHI_1563698705501259786
-87.703113,undefined,Albany Ave & Douglas Blvd,[],9,false,false,lightweight,41.86191,false,1594046392398205628,1594046392398205628,motivate_CHI_1594046392398205628,9,"Johnson Elementary School, West 15th Street, North Lawndale, Chicago, Cook County, Illinois, 60623, United States",CITY_PILOT_RACK,CHI,motivate_CHI_1594046392398205628
-87.7489007,undefined,Lawler Ave & 50th St,[],9,false,false,lightweight,41.802209,false,1593766338948359058,1593766338948359058,motivate_CHI_1593766338948359058,9,"5010, West 50th Street, Archer Limits, Garfield Ridge, Chicago, Lake Township, Cook County, Illinois, 60638, United States",CITY_PILOT_RACK,CHI,motivate_CHI_1593766338948359058
-87.7511643,undefined,Lavergne & Fullerton,[],9,false,false,lightweight,41.923982,false,1563698692616359928,1563698692616359928,motivate_CHI_1563698692616359928,9,"2335-2339, North Lavergne Avenue, Belmont Park, Beat 2521, Chicago, Jefferson Township, Cook County, Illinois, 60641, United States",CITY_PILOT_RACK,CHI,motivate_CHI_1563698692616359928
-87.6423847,undefined,Hampden Ct & Diversey Ave,[],8,false,false,lightweight,41.9325593,false,1521690221159885714,1521690221159885714,motivate_CHI_1521690221159885714,8,"2768, North Hampden Court, Lincoln Park, Chicago, Lake View Township, Cook County, Illinois, 60614, United States",CITY_PILOT_RACK,CHI,motivate_CHI_1521690221159885714
-87.7702037,undefined,Menard Ave & North Ave,[],9,false,false,lightweight,41.9097167,false,1575949528657471478,1575949528657471478,motivate_CHI_1575949528657471478,9,"1615, North Menard Avenue, Beat 2531, Austin, Chicago, Jefferson Township, Cook County, Illinois, 60639, United States",CITY_PILOT_RACK,CHI,motivate_CHI_1575949528657471478
-87.717074,undefined,W 103rd St & S Avers Ave,[],10,false,false,lightweight,41.705846,false,1448642179437434482,1448642179437434482,motivate_CHI_1448642179437434482,10,"Graham School of Management, South Avers Avenue, Mount Greenwood, Chicago, Cook County, Illinois, 60655, United States of America",CITY_PILOT_RACK,CHI,motivate_CHI_1448642179437434482
-87.8071434,undefined,Harlem & Irving Park,[],9,false,false,lightweight,41.9532568,false,1571105059410550806,1571105059410550806,motivate_CHI_1571105059410550806,9,"4043, North Harlem Avenue, Dunning, Chicago, Jefferson Township, Cook County, Illinois, 60634, United States",CITY_PILOT_RACK,CHI,motivate_CHI_1571105059410550806
-87.7478312,undefined,Lavergne Ave & 46th St,[],9,false,false,lightweight,41.80934,false,1593766334653391756,1593766334653391756,motivate_CHI_1593766334653391756,9,"Hearst Elementary School, West 46th Street, Garfield Ridge, Chicago, Lake Township, Cook County, Illinois, 60638, United States",CITY_PILOT_RACK,CHI,motivate_CHI_1593766334653391756
-87.730502,undefined,Tripp Ave & 31st St,[],9,false,false,lightweight,41.836966,false,1561012900190859852,1561012900190859852,motivate_CHI_1561012900190859852,9,"3045, South Tripp Avenue, Crawford, South Lawndale, Chicago, Cook County, Illinois, 60623, United States",CITY_PILOT_RACK,CHI,motivate_CHI_1561012900190859852
-87.7024412,undefined,Archer Ave & 43rd St,[],6,false,false,lightweight,41.8154913,false,1582242319632586320,1582242319632586320,motivate_CHI_1582242319632586320,6,"3114, West Pope John Paul II Drive, Brighton Park, Chicago, Lake Township, Cook County, Illinois, 60632, United States",CITY_PILOT_RACK,CHI,motivate_CHI_1582242319632586320
-87.761663,undefined,Long Ave & Belmont Ave,[],9,false,false,lightweight,41.9383071,false,1563698688321392628,1563698688321392628,motivate_CHI_1563698688321392628,9,"5401-5425, West Belmont Avenue, Belmont Cragin, Portage Park, Chicago, Jefferson Township, Cook County, Illinois, 690639, United States",CITY_PILOT_RACK,CHI,motivate_CHI_1563698688321392628
-87.70858,undefined,Lincoln Ave & Peterson Ave,[],9,false,false,lightweight,41.990247,false,1594046461125837998,1594046461125837998,motivate_CHI_1594046461125837998,9,"North Shore Channel Trail, West Ridge, Chicago, Jefferson Township, Cook County, Illinois, 60659, United States",CITY_PILOT_RACK,CHI,motivate_CHI_1594046461125837998
-87.685853,undefined,Western Ave & Lake St,[],6,false,false,lightweight,41.884606,false,1594046379513303720,1594046379513303720,motivate_CHI_1594046379513303720,6,"Illinois Currency Exchange, 2349, West Lake Street, Near West Side, Chicago, Cook County, Illinois, 60612, United States",CITY_PILOT_RACK,CHI,motivate_CHI_1594046379513303720
-87.7212202,undefined,Springfield Ave & 47th St,[],9,false,false,lightweight,41.8080713,false,1594041781399920506,1594041781399920506,motivate_CHI_1594041781399920506,9,"4655-4659, South Springfield Avenue, Archer Heights, Chicago, Lake Township, Cook County, Illinois, 60632, United States",CITY_PILOT_RACK,CHI,motivate_CHI_1594041781399920506
-87.7335726,undefined,Kildare Ave & Chicago Ave,[],9,false,false,lightweight,41.8954359,false,1575949515273532130,1575949515273532130,motivate_CHI_1575949515273532130,9,"4300-4324, West Chicago Avenue, Humboldt Park, Chicago, Cook County, Illinois, 60651, United States",CITY_PILOT_RACK,CHI,motivate_CHI_1575949515273532130
-87.8343105,undefined,Plainfield & Irving Park,[],9,false,false,lightweight,41.9524413,false,1571105059410550802,1571105059410550802,motivate_CHI_1571105059410550802,9,"4014, North Plainfield Avenue, Dunning, Chicago, Jefferson Township, Cook County, Illinois, 60634, United States",CITY_PILOT_RACK,CHI,motivate_CHI_1571105059410550802
-87.690823,undefined,Elston Ave & George St,[],9,false,false,lightweight,41.934003,false,1594046452527747848,1594046452527747848,motivate_CHI_1594046452527747848,9,"2534, West George Street, Avondale, Chicago, Cook County, Illinois, 60618, United States",CITY_PILOT_RACK,CHI,motivate_CHI_1594046452527747848
-87.7851104,undefined,Narragansett & McLean,[],9,false,false,lightweight,41.9158931,false,1575949506683597526,1575949506683597526,motivate_CHI_1575949506683597526,9,"Narragansett & Cortland (Metra), North Narragansett Avenue, Beat 2513, Austin, Chicago, Jefferson Township, Cook County, Illinois, 60302, United States",CITY_PILOT_RACK,CHI,motivate_CHI_1575949506683597526
-87.71137,undefined,St Louis Ave & Norman Bobbins Ave,[],9,false,false,lightweight,41.794422,false,1582242306747684414,1582242306747684414,motivate_CHI_1582242306747684414,9,"Eric Solorio Academy High School, 5400, South Saint Louis Avenue, Glendale, Gage Park, Chicago, Lake Township, Cook County, Illinois, 60632, United States",CITY_PILOT_RACK,CHI,motivate_CHI_1582242306747684414
-87.7971406,undefined,North Ave & New England Ave,[],9,false,false,lightweight,41.9092204,false,1575949510978564828,1575949510978564828,motivate_CHI_1575949510978564828,9,"6856, West North Avenue, Beat 2513, Austin, Chicago, Jefferson Township, Cook County, Illinois, 60707, United States",CITY_PILOT_RACK,CHI,motivate_CHI_1575949510978564828
-87.6280518,undefined,S Wentworth Ave & W 111th St,[],5,false,false,lightweight,41.6926176,false,1448642162257565286,1448642162257565286,motivate_CHI_1448642162257565286,5,"207, West 111th Street, Morgan Park, Chicago, Cook County, Illinois, 60643, United States of America",CITY_PILOT_RACK,CHI,motivate_CHI_1448642162257565286
-87.6834204,undefined,Western Ave & 62nd St,[],9,false,false,lightweight,41.780985,false,1582242323927553626,1582242323927553626,motivate_CHI_1582242323927553626,9,"2387, West 62nd Street, Chicago Lawn, Chicago, Lake Township, Cook County, Illinois, 60629, United States",CITY_PILOT_RACK,CHI,motivate_CHI_1582242323927553626
-87.67559,undefined,Damen Ave & 33rd St,[],9,false,false,lightweight,41.834108,false,1594046362333434512,1594046362333434512,motivate_CHI_1594046362333434512,9,"Damen & 33rd Street, West 33rd Street, Ducktown, McKinley Park, Chicago, Cook County, Illinois, 60608, United States",CITY_PILOT_RACK,CHI,motivate_CHI_1594046362333434512
-87.701818,undefined,Albany Ave & 16th St,[],9,false,false,lightweight,41.859339,false,1594046396693172926,1594046396693172926,motivate_CHI_1594046396693172926,9,"Ogden & Albany, West Ogden Avenue, North Lawndale, Chicago, Cook County, Illinois, 60623, United States",CITY_PILOT_RACK,CHI,motivate_CHI_1594046396693172926
-87.6974,undefined,Mozart St & Jackson Blvd,[],6,false,false,lightweight,41.877507,false,1594046388103238324,1594046388103238324,motivate_CHI_1594046388103238324,6,"2828-2834, West Jackson Boulevard, East Garfield Park, Chicago, Cook County, Illinois, 60644, United States",CITY_PILOT_RACK,CHI,motivate_CHI_1594046388103238324
-87.7749283,undefined,Mason Ave & Belmont Ave,[],9,false,false,lightweight,41.9381419,false,1563698718386161684,1563698718386161684,motivate_CHI_1563698718386161684,9,"North Mason Avenue, Beat 2514, Belmont Cragin, Chicago, Jefferson Township, Cook County, Illinois, 60634, United States",CITY_PILOT_RACK,CHI,motivate_CHI_1563698718386161684
-87.699696,undefined,Sacramento Ave & 25th St,[],9,false,false,lightweight,41.848166,false,1594046400988140226,1594046400988140226,motivate_CHI_1594046400988140226,9,"Spry Elementary School, West 24th Street, Bohemian California, South Lawndale, Chicago, Cook County, Illinois, 60623, United States",CITY_PILOT_RACK,CHI,motivate_CHI_1594046400988140226
-87.631282,undefined,N Clark St & W Elm St,[],4,false,false,lightweight,41.902901,false,1436495096608724634,1436495096608724634,motivate_CHI_1436495096608724634,4,"75, West Elm Street, Near North Side, Chicago, Cook County, Illinois, 60610, United States of America",CITY_PILOT_RACK,CHI,motivate_CHI_1436495096608724634
-87.531067,undefined,Steelworkers Park,[],6,false,false,lightweight,41.738246,false,1448642188027369090,1448642188027369090,motivate_CHI_1448642188027369090,6,"Tribute to the Past, East 87th Street, South Chicago, Chicago, Cook County, Illinois, 60617, United States of America",CITY_PILOT_RACK,CHI,motivate_CHI_1448642188027369090
-87.7300171,undefined,Keeler Ave & Roosevelt Rd,[],9,false,false,lightweight,41.866402,false,1561012870126088746,1561012870126088746,motivate_CHI_1561012870126088746,9,"1146-1152, South Keeler Avenue, West Garfield Park, Chicago, Cook County, Illinois, 60623, United States",CITY_PILOT_RACK,CHI,motivate_CHI_1561012870126088746
-87.6996576,undefined,Sacramento Ave & Pershing Rd,[],9,false,false,lightweight,41.8222791,false,1582242319632586318,1582242319632586318,motivate_CHI_1582242319632586318,9,"Nathan S. Davis Elementary School, West Pershing Road, Corwith, Brighton Park, Chicago, Lake Township, Cook County, Illinois, 60632, United States",CITY_PILOT_RACK,CHI,motivate_CHI_1582242319632586318
-87.748223,undefined,Lamon Ave & Chicago Ave,[],9,false,false,lightweight,41.8952,false,1575949493798695614,1575949493798695614,motivate_CHI_1575949493798695614,9,"817, North Lamon Avenue, Moreland, Austin, Chicago, Cook County, Illinois, 60651, United States",CITY_PILOT_RACK,CHI,motivate_CHI_1575949493798695614
-87.702988,undefined,Sacramento Blvd & Addison St,[],9,false,false,lightweight,41.94609,false,1594046413873042136,1594046413873042136,motivate_CHI_1594046413873042136,9,"3601, North Sacramento Avenue, Addison Mall, Irving Park, Chicago, Jefferson Township, Cook County, Illinois, 60625, United States",CITY_PILOT_RACK,CHI,motivate_CHI_1594046413873042136
-87.8010646,undefined,Sayre & Diversey,[],9,false,false,lightweight,41.9310084,false,1563698722681128992,1563698722681128992,motivate_CHI_1563698722681128992,9,"7000-7002, West Diversey Avenue, Beat 2512, Montclare, Chicago, Jefferson Township, Cook County, Illinois, 60707, United States",CITY_PILOT_RACK,CHI,motivate_CHI_1563698722681128992
-87.648484,undefined,N Green St & W Lake St,[],8,false,false,lightweight,41.885579,false,1436495109493626546,1436495109493626546,motivate_CHI_1436495109493626546,8,"817, West Lake Street, Near West Side, Chicago, Cook County, Illinois, 60661, United States of America",CITY_PILOT_RACK,CHI,motivate_CHI_1436495109493626546
-87.690957,undefined,Campbell Ave & Irving Park Rd,[],9,false,false,lightweight,41.95421,false,1594046431052911340,1594046431052911340,motivate_CHI_1594046431052911340,9,"4014, North Campbell Avenue, Ravenswood Gardens, North Center, Chicago, Jefferson Township, Cook County, Illinois, 60618, United States",CITY_PILOT_RACK,CHI,motivate_CHI_1594046431052911340
-87.690621,undefined,Rockwell St & Cermak Rd,[],9,false,false,lightweight,41.851644,false,1594046400988140228,1594046400988140228,motivate_CHI_1594046400988140228,9,"Little Caesars, 2601, West Cermak Road, Bohemian California, South Lawndale, Chicago, Cook County, Illinois, 60608, United States",CITY_PILOT_RACK,CHI,motivate_CHI_1594046400988140228
-87.7157109,undefined,Central Park Ave & Douglas Blvd,[],9,false,false,lightweight,41.862355,false,1561012870126088744,1561012870126088744,motivate_CHI_1561012870126088744,9,"3611, West Douglas Boulevard, North Lawndale, Chicago, Cook County, Illinois, 60623, United States",CITY_PILOT_RACK,CHI,motivate_CHI_1561012870126088744
-87.744082,undefined,Kilpatrick Ave & Parker Ave,[],9,false,false,lightweight,41.930736,false,1563698705501259788,1563698705501259788,motivate_CHI_1563698705501259788,9,"2727, North Kilpatrick Avenue, Beat 2522, Chicago, Jefferson Township, Cook County, Illinois, 60641, United States",CITY_PILOT_RACK,CHI,motivate_CHI_1563698705501259788
-87.8118989,undefined,Oketo Ave & Addison St,[],9,false,false,lightweight,41.9449659,false,1571105042230683636,1571105042230683636,motivate_CHI_1571105042230683636,9,"7401-7403, West Addison Street, Dunning, Chicago, Jefferson Township, Cook County, Illinois, 60634, United States",CITY_PILOT_RACK,CHI,motivate_CHI_1571105042230683636
-87.700259,undefined,Sacramento Blvd & Polk St,[],9,false,false,lightweight,41.870959,false,1594046388103238326,1594046388103238326,motivate_CHI_1594046388103238326,9,"2935, West Polk Street, East Garfield Park, Chicago, Cook County, Illinois, 60612, United States",CITY_PILOT_RACK,CHI,motivate_CHI_1594046388103238326
-87.649345,undefined,S Aberdeen St & W 106th St,[],3,false,false,lightweight,41.701217,false,1448642162257565290,1448642162257565290,motivate_CHI_1448642162257565290,3,"Mount Vernon Elementary School, South Aberdeen Street, Washington Heights, Chicago, Cook County, Illinois, 60643, United States of America",CITY_PILOT_RACK,CHI,motivate_CHI_1448642162257565290
-87.725641,undefined,Komensky Ave & 31st St,[],9,false,false,lightweight,41.836708,false,1561012883010990646,1561012883010990646,motivate_CHI_1561012883010990646,9,"Komensky & 31st Street, South Komensky Avenue, South Lawndale, Chicago, Cook County, Illinois, 60623, United States",CITY_PILOT_RACK,CHI,motivate_CHI_1561012883010990646
-87.7661217,undefined,Central Ave & Parker Ave,[],9,false,false,lightweight,41.9301785,false,1563698684026425330,1563698684026425330,motivate_CHI_1563698684026425330,9,"2715-2725, North Central Avenue, Beat 2514, Belmont Cragin, Chicago, Jefferson Township, Cook County, Illinois, 60630, United States",CITY_PILOT_RACK,CHI,motivate_CHI_1563698684026425330
-87.7436434,undefined,Kilpatrick Ave & Grand Ave,[],9,false,false,lightweight,41.9127779,false,1575949523863466728,1575949523863466728,motivate_CHI_1575949523863466728,9,"4701, West Grand Avenue, Beat 2523, Humboldt Park, Chicago, Jefferson Township, Cook County, Illinois, 60651, United States",CITY_PILOT_RACK,CHI,motivate_CHI_1575949523863466728
-87.732463,undefined,Kostner Ave & 63rd St,[],9,false,false,lightweight,41.778747,false,1593766347538293666,1593766347538293666,motivate_CHI_1593766347538293666,9,"4354, West 63rd Street, West Lawn, Chicago, Lake Township, Cook County, Illinois, 60629, United States",CITY_PILOT_RACK,CHI,motivate_CHI_1593766347538293666
-87.7395332,undefined,Kilbourn & Roscoe,[],9,false,false,lightweight,41.9427319,false,1563698701206292486,1563698701206292486,motivate_CHI_1563698701206292486,9,"3402, North Kilbourn Avenue, Irving Park, Chicago, Jefferson Township, Cook County, Illinois, 60641, United States",CITY_PILOT_RACK,CHI,motivate_CHI_1563698701206292486
-87.739024,undefined,Kilbourn & Belden,[],9,false,false,lightweight,41.922352,false,1563698709796227088,1563698709796227088,motivate_CHI_1563698709796227088,9,"2257, North Kilbourn Avenue, Beat 2522, Hermosa, Chicago, Jefferson Township, Cook County, Illinois, 60641, United States",CITY_PILOT_RACK,CHI,motivate_CHI_1563698709796227088
-87.8057657,undefined,Bloomingdale Ave & Harlem Ave,[],9,false,false,lightweight,41.9120739,false,1575949528158434034,1575949528158434034,motivate_CHI_1575949528158434034,9,"1731-1759, North Harlem Avenue, Austin, Chicago, Jefferson Township, Cook County, Illinois, 60707, United States",CITY_PILOT_RACK,CHI,motivate_CHI_1575949528158434034
-87.6778387,undefined,Hoyne Ave & 34th St,[],9,false,false,lightweight,41.8320245,false,1582242311042651720,1582242311042651720,motivate_CHI_1582242311042651720,9,"3401, South Hoyne Avenue, Ducktown, McKinley Park, Chicago, Cook County, Illinois, 60609, United States",CITY_PILOT_RACK,CHI,motivate_CHI_1582242311042651720
-87.7311301,undefined,Kildare & Cermak,[],9,false,false,lightweight,41.851478,false,1561012878716023344,1561012878716023344,motivate_CHI_1561012878716023344,9,"4234, West Cermak Road, North Lawndale, Chicago, Cook County, Illinois, 60804, United States",CITY_PILOT_RACK,CHI,motivate_CHI_1561012878716023344
-87.663975,undefined,N Southport Ave & W Newport Ave,[],8,false,false,lightweight,41.944019,false,1436495115557663136,1436495115557663136,motivate_CHI_1436495115557663136,8,"3420-3424, North Southport Avenue, Wrigleyville, Lake View, Chicago, Cook County, Illinois, 60613, United States of America",CITY_PILOT_RACK,CHI,motivate_CHI_1436495115557663136
-87.7864806,undefined,Narragansett Ave & School St,[],9,false,false,lightweight,41.940128,false,1571105050820616196,1571105050820616196,motivate_CHI_1571105050820616196,9,"6465, West School Street, Dunning, Chicago, Jefferson Township, Cook County, Illinois, 60634, United States",CITY_PILOT_RACK,CHI,motivate_CHI_1571105050820616196
-87.703446,undefined,Kedzie Ave & 52nd St,[],9,false,false,lightweight,41.7990641,false,1582242302452717116,1582242302452717116,motivate_CHI_1582242302452717116,9,"5153-5159, South Kedzie Avenue, Garfield Manor, Gage Park, Chicago, Lake Township, Cook County, Illinois, 60629, United States",CITY_PILOT_RACK,CHI,motivate_CHI_1582242302452717116
-87.7163879,undefined,Central Park Ave & Ohio St,[],9,false,false,lightweight,41.8918718,false,1575949510978564830,1575949510978564830,motivate_CHI_1575949510978564830,9,"3544, West Ohio Street, Humboldt Park, Chicago, Cook County, Illinois, 60624, United States",CITY_PILOT_RACK,CHI,motivate_CHI_1575949510978564830
-87.7321534,undefined,Kildare Ave & 26th St,[],9,false,false,lightweight,41.8442315,false,1561012895895892548,1561012895895892548,motivate_CHI_1561012895895892548,9,"McDonald's, 4334, West 26th Street, Crawford, South Lawndale, Chicago, Cook County, Illinois, 60623, United States",CITY_PILOT_RACK,CHI,motivate_CHI_1561012895895892548
-87.688466,undefined,Western Ave & Grace St,[],9,false,false,lightweight,41.948759,false,1594046413873042132,1594046413873042132,motivate_CHI_1594046413873042132,9,"Waveland Bowl, 3700-3710;3700, North Western Avenue, North Center, Chicago, Lake View Township, Cook County, Illinois, 60618, United States",CITY_PILOT_RACK,CHI,motivate_CHI_1594046413873042132
-87.644042,undefined,W Oakdale Ave & N Broadway,[],6,false,false,lightweight,41.935581,false,1436495100903691938,1436495100903691938,motivate_CHI_1436495100903691938,6,"2919-2935, North Broadway, Lincoln Park, Lake View, Chicago, Cook County, Illinois, 60657, United States of America",CITY_PILOT_RACK,CHI,motivate_CHI_1436495100903691938
-87.7313639,undefined,Tripp Ave & 15th St,[],9,false,false,lightweight,41.860777,false,1561012887305957952,1561012887305957952,motivate_CHI_1561012887305957952,9,"1451-1453, South Tripp Avenue, North Lawndale, Chicago, Cook County, Illinois, 60623, United States",CITY_PILOT_RACK,CHI,motivate_CHI_1561012887305957952
-87.68955,undefined,Western Ave & Gunnison St,[],9,false,false,lightweight,41.969659,false,1594046443937813244,1594046443937813244,motivate_CHI_1594046443937813244,9,"West Gunnison Street, Bowmanville, Lincoln Square, Chicago, Lake View Township, Cook County, Illinois, 60625, United States",CITY_PILOT_RACK,CHI,motivate_CHI_1594046443937813244
-87.724189,undefined,Komensky Ave & 55th St,[],9,false,false,lightweight,41.793279,false,1594041777104953202,1594041777104953202,motivate_CHI_1594041777104953202,9,"4012-4020, West 55th Street, West Elsdon, Chicago, Lake Township, Cook County, Illinois, 60629, United States",CITY_PILOT_RACK,CHI,motivate_CHI_1594041777104953202
-87.7494873,undefined,Lamon Ave & Armitage Ave,[],9,false,false,lightweight,41.9166701,false,1563698692616359930,1563698692616359930,motivate_CHI_1563698692616359930,9,"4901-4915, West Armitage Avenue, Whiskey Point, Belmont Cragin, Chicago, Jefferson Township, Cook County, Illinois, 60639, United States",CITY_PILOT_RACK,CHI,motivate_CHI_1563698692616359930
-87.701329,undefined,Whipple St & Roosevelt Rd,[],9,false,false,lightweight,41.866554,false,1594046405283107532,1594046405283107532,motivate_CHI_1594046405283107532,9,"3012, West Roosevelt Road, North Lawndale, Chicago, Cook County, Illinois, 60624, United States",CITY_PILOT_RACK,CHI,motivate_CHI_1594046405283107532
-87.602938,undefined,Maryland Ave & 104th St,[],10,false,false,lightweight,41.705588,false,1448642183732401788,1448642183732401788,motivate_CHI_1448642183732401788,10,"Pullman Wheel Works, 833-901, East 104th Street, Chicago, Cook County, Illinois, 60628, United States of America",CITY_PILOT_RACK,CHI,motivate_CHI_1448642183732401788
-87.693013,undefined,Lincoln Ave & Balmoral Ave,[],9,false,false,lightweight,41.979461,false,1594046435347878644,1594046435347878644,motivate_CHI_1594046435347878644,9,"5356-5360, North Lincoln Avenue, Bowmanville, Lincoln Square, Chicago, Jefferson Township, Cook County, Illinois, 60645, United States",CITY_PILOT_RACK,CHI,motivate_CHI_1594046435347878644
-87.6773211,undefined,Damen Ave & Wabansia Ave,[],8,false,false,lightweight,41.9122813,false,1521686986436309688,1521686986436309688,motivate_CHI_1521686986436309688,8,"1953, West Wabansia Avenue, Wicker Park, West Town, Chicago, Cook County, Illinois, 60622, United States",CITY_PILOT_RACK,CHI,motivate_CHI_1521686986436309688
-87.7164901,undefined,Central Park & Augusta Blvd,[],9,false,false,lightweight,41.8989108,false,1575949515273532128,1575949515273532128,motivate_CHI_1575949515273532128,9,"956-958, North Central Park Avenue, Humboldt Park, Chicago, Cook County, Illinois, 60651, United States",CITY_PILOT_RACK,CHI,motivate_CHI_1575949515273532128
-87.710238,undefined,Homan Ave & 65th St,[],9,false,false,lightweight,41.77446,false,1582242289567815212,1582242289567815212,motivate_CHI_1582242289567815212,9,"Eberhart School, West 65th Place, Chicago Lawn, Chicago, Lake Township, Cook County, Illinois, 60629, United States",CITY_PILOT_RACK,CHI,motivate_CHI_1582242289567815212
-87.699368,undefined,Francisco Ave & Bloomingdale Ave,[],9,false,false,lightweight,41.913959,false,1594046409578074834,1594046409578074834,motivate_CHI_1594046409578074834,9,"Yates Elementary School, West Bloomingdale Avenue, Logan Square, Chicago, Cook County, Illinois, 60647, United States",CITY_PILOT_RACK,CHI,motivate_CHI_1594046409578074834
-87.707963,undefined,Spaulding Ave & 16th St,[],9,false,false,lightweight,41.85892,false,1561012895895892552,1561012895895892552,motivate_CHI_1561012895895892552,9,"North Lawndale College Prep Charter - Christiana, West 16th Street, North Lawndale, Chicago, Cook County, Illinois, 60623, United States",CITY_PILOT_RACK,CHI,motivate_CHI_1561012895895892552
-87.7959613,undefined,Oak Park & Wellington,[],9,false,false,lightweight,41.934586,false,1563698718386161690,1563698718386161690,motivate_CHI_1563698718386161690,9,"6816, West Wellington Avenue, Beat 2511, Montclare, Chicago, Jefferson Township, Cook County, Illinois, 60641, United States",CITY_PILOT_RACK,CHI,motivate_CHI_1563698718386161690
-87.7109257,undefined,Homan Ave & Fillmore St,[],9,false,false,lightweight,41.868114,false,1561012891600925250,1561012891600925250,motivate_CHI_1561012891600925250,9,"Homan & Fillmore SB, South Homan Avenue, North Lawndale, Chicago, Cook County, Illinois, 60623, United States",CITY_PILOT_RACK,CHI,motivate_CHI_1561012891600925250
-87.7788824,undefined,Meade Ave & Addison St,[],9,false,false,lightweight,41.9459174,false,1571105063705518106,1571105063705518106,motivate_CHI_1571105063705518106,9,"3607, North Meade Avenue, Martin Luther, Portage Park, Chicago, Jefferson Township, Cook County, Illinois, 60630, United States",CITY_PILOT_RACK,CHI,motivate_CHI_1571105063705518106
-87.7509517,undefined,Lavergne Ave & Division St,[],9,false,false,lightweight,41.9021335,false,1575949498093662914,1575949498093662914,motivate_CHI_1575949498093662914,9,"Robert LeFlore Jr Post Office Branch, 5001, West Division Street, Austin, Chicago, Cook County, Illinois, 60651, United States",CITY_PILOT_RACK,CHI,motivate_CHI_1575949498093662914
-87.701051,undefined,Elston Ave & Henderson St,[],9,false,false,lightweight,41.941499,false,1594046418168009436,1594046418168009436,motivate_CHI_1594046418168009436,9,"2900, West Henderson Street, Avondale, Chicago, Jefferson Township, Cook County, Illinois, 60618, United States",CITY_PILOT_RACK,CHI,motivate_CHI_1594046418168009436
-87.6531893,undefined,N Carpenter St & W Lake St,[],6,false,false,lightweight,41.885586,false,1436495105198659246,1436495105198659246,motivate_CHI_1436495105198659246,6,"1023, West Lake Street, Near West Side, Chicago, Cook County, Illinois, 60661, United States of America",CITY_PILOT_RACK,CHI,motivate_CHI_1436495105198659246
-87.695392,undefined,California & 16th St,[],9,false,false,lightweight,41.857367,false,1594046405283107528,1594046405283107528,motivate_CHI_1594046405283107528,9,"2744, West 18th Street, North Lawndale, Chicago, Cook County, Illinois, 60608, United States",CITY_PILOT_RACK,CHI,motivate_CHI_1594046405283107528
-87.7344142,undefined,Kenneth Ave & 50th St,[],6,false,false,lightweight,41.8023156,false,1594041785694887806,1594041785694887806,motivate_CHI_1594041785694887806,6,"4454, West 50th Street, Archer Heights, Chicago, Lake Township, Cook County, Illinois, 60632, United States",CITY_PILOT_RACK,CHI,motivate_CHI_1594041785694887806
-87.697852,undefined,California Ave & Winona St,[],6,false,false,lightweight,41.974712,false,1594046439642845942,1594046439642845942,motivate_CHI_1594046439642845942,6,"Anderson Pavilion, 2751, West Winona Street, Bowmanville, Lincoln Square, Chicago, Jefferson Township, Cook County, Illinois, 60625, United States",CITY_PILOT_RACK,CHI,motivate_CHI_1594046439642845942
-87.705263,undefined,Albany Ave & Belmont Ave,[],9,false,false,lightweight,41.939638,false,1594046418168009438,1594046418168009438,motivate_CHI_1594046418168009438,9,"3216, North Albany Avenue, Avondale, Chicago, Jefferson Township, Cook County, Illinois, 60625, United States",CITY_PILOT_RACK,CHI,motivate_CHI_1594046418168009438
-87.7621632,undefined,Long & Irving Park,[],9,false,false,lightweight,41.953038,false,1571105055115583496,1571105055115583496,motivate_CHI_1571105055115583496,9,"vehicle storage, North Long Avenue, Portage Park, Chicago, Jefferson Township, Cook County, Illinois, 60630, United States",CITY_PILOT_RACK,CHI,motivate_CHI_1571105055115583496
-87.7852027,undefined,Narragansett & Wrightwood,[],9,false,false,lightweight,41.927294,false,1563698675436490730,1563698675436490730,motivate_CHI_1563698675436490730,9,"6382, West Wrightwood Avenue, Kelvyn Grove, Beat 2512, Belmont Cragin, Chicago, Jefferson Township, Cook County, Illinois, 60639, United States",CITY_PILOT_RACK,CHI,motivate_CHI_1563698675436490730
-87.704302,undefined,N Shore Channel Trail & Argyle Ave,[],9,false,false,lightweight,41.972328,false,1594046439642845944,1594046439642845944,motivate_CHI_1594046439642845944,9,"River Park Boat House, 3000, West Argyle Street, Albany Park, Chicago, Jefferson Township, Cook County, Illinois, 60625, United States",CITY_PILOT_RACK,CHI,motivate_CHI_1594046439642845944
-87.703233,undefined,Kedzie Ave & 57th St,[],9,false,false,lightweight,41.789944,false,1582242323927553620,1582242323927553620,motivate_CHI_1582242323927553620,9,"5653-5659, South Kedzie Avenue, Garfield Manor, Gage Park, Chicago, Lake Township, Cook County, Illinois, 60629, United States",CITY_PILOT_RACK,CHI,motivate_CHI_1582242323927553620
-87.7583757,undefined,Lockwood Ave & Wrightwood Ave,[],9,false,false,lightweight,41.9278148,false,1563698696911327228,1563698696911327228,motivate_CHI_1563698696911327228,9,"5255, West Wrightwood Avenue, Kelvyn Grove, Beat 2521, Belmont Cragin, Chicago, Jefferson Township, Cook County, Illinois, 60639, United States",CITY_PILOT_RACK,CHI,motivate_CHI_1563698696911327228
-87.701593,undefined,Francisco Ave & Hollywood Ave,[],9,false,false,lightweight,41.984746,false,1594046456822715150,1594046456822715150,motivate_CHI_1594046456822715150,9,"5654, North Francisco Avenue, West Ridge, Chicago, Jefferson Township, Cook County, Illinois, 60659, United States",CITY_PILOT_RACK,CHI,motivate_CHI_1594046456822715150
-87.6932272,undefined,Fairfield Ave & 44th St,[],9,false,false,lightweight,41.813617,false,1582242293862782512,1582242293862782512,motivate_CHI_1582242293862782512,9,"4400-4420, South Fairfield Avenue, South Brighton, Brighton Park, Chicago, Lake Township, Cook County, Illinois, 60632, United States",CITY_PILOT_RACK,CHI,motivate_CHI_1582242293862782512
-87.82423,undefined,Orange & Addison,[],9,false,false,lightweight,41.9448846,false,1571105055115583502,1571105055115583502,motivate_CHI_1571105055115583502,9,"3551, North Orange Avenue, Dunning, Chicago, Jefferson Township, Cook County, Illinois, 60634, United States",CITY_PILOT_RACK,CHI,motivate_CHI_1571105055115583502
-87.730598,undefined,Kildare Ave & 55th St,[],9,false,false,lightweight,41.793357,false,1593766338948359064,1593766338948359064,motivate_CHI_1593766338948359064,9,"5448-5454, South Kildare Avenue, West Elsdon, Archer Heights, Chicago, Lake Township, Cook County, Illinois, 60629, United States",CITY_PILOT_RACK,CHI,motivate_CHI_1593766338948359064
-87.7492834,undefined,Lamon Ave & Belmont Ave,[],9,false,false,lightweight,41.9390108,false,1563698701206292480,1563698701206292480,motivate_CHI_1563698701206292480,9,"3218-3220, North Lamon Avenue, Portage Park, Chicago, Jefferson Township, Cook County, Illinois, 60641, United States",CITY_PILOT_RACK,CHI,motivate_CHI_1563698701206292480